
-- ─────────────────────────────────────
-- Category
-- ─────────────────────────────────────
INSERT INTO category (uuid, name) VALUES ('0d756c5a-4687-47ff-a0fa-25f381692887', 'Electronics'), 
('91cec3b8-cacd-4e57-8814-34a64de70978', 'Books'), 
('6d694138-1d02-4b5e-a1b0-a4aec21deaf0', 'Clothing'), 
('3eafc338-d4b7-40ec-b469-d81b8cc7face', 'Home & Kitchen'), 
('21621d28-5c1a-462a-802a-643ed499b3ed', 'Sports & Outdoors'), 
('c6c105cd-8bf3-4f5d-b6e5-6e966bb25f72', 'Toys & Games'), 
('69baee9b-38b9-4002-8fcc-c35e3f6fb681', 'Health & Beauty'), 
('d12e2ae5-aea9-4836-9899-cd1c27fe4463', 'Automotive'), 
('0adacf05-e2b1-465f-9e27-ffd4a92d8b4c', 'Garden & Outdoors'), 
('fbeaa8a9-7488-433e-adbb-111bb5e0085e', 'Office Supplies');

-- ─────────────────────────────────────
-- Brand
-- ─────────────────────────────────────
INSERT INTO brand (uuid, name) VALUES ('86a0f500-d05b-44ad-badc-fb6de62a6c4b', 'Electronics'), 
('496a4aab-aea0-4e3f-b1de-3c1bfb1fce25', 'Apple'), 
('375b2c0a-24e6-4be9-9da5-3ff407c2378a', 'Samsung'), 
('8cf65b66-bc04-4b3f-a6cc-b0b5eb9fb606', 'Sony'), 
('9c280d48-3119-4704-a155-8e0df44bab87', 'LG'), 
('d9b9bb1a-155d-46bc-a1b6-1b506855f915', 'Dell'), 
('c9d28c35-59c9-4bb2-89ae-fc3598104a6f', 'HP'), 
('434fd64e-e27b-4762-a402-9467a309b227', 'Lenovo'), 
('4d95d2de-e0de-4e50-8fb1-5e940087cd15', 'Microsoft'), 
('223c52aa-98cd-4fe3-9463-2eb677d57743', 'Asus'), 
('295361d7-ec31-43b4-821b-ebd52e4246e8', 'Acer'), 
('e8031c74-7327-4d98-8061-c20cb0d53bfe', 'Amazon'), 
('ef1a48b3-960a-4c4e-b041-43b0f8bf997c', 'Google'), 
('3fa6135a-4061-453f-beb5-3e761751a503', 'Nike'), 
('3f8fb1fe-ba6a-4aef-9dc4-daca61469898', 'Adidas'), 
('10547ef1-c380-412c-8285-c0b02b6ff56c', 'Puma'), 
('8a62cd71-5c24-4220-a245-0bd760f5ec20', 'Under Armour'), 
('748006b2-a97d-4585-9aaf-08dcca3394a8', 'Levis'), 
('11bb4d7a-110b-410f-9301-acbbd827ca87', 'H&M'), 
('5e65fe3d-1e2c-4de4-b99e-4801fa769723', 'Zara'), 
('876a68a0-3f35-4a1c-a1db-f61a8d91602a', 'KitchenAid'), 
('8f607dc9-1d3a-4d59-9579-c684034e587b', 'Philips'), 
('30278a61-2bda-4590-99b6-c96923751e92', 'Bosch'), 
('9dd14c16-342a-4069-932c-92318e0b82a9', 'Whirlpool'), 
('eb471477-2d86-4b26-b34f-f57e5befa328', 'Black+Decker'), 
('33fa2fee-b421-474d-94c9-b53cc3a5a234', 'Wilson'), 
('ca5550ca-7bfb-4726-bf05-e97ba329ce91', 'Spalding'), 
('bbc28442-7ae8-4ba2-be41-c04e74113e9b', 'Hasbro'), 
('2262ecb0-90fb-4207-b421-e114063d6930', 'Mattel'), 
('ba1561cf-62a9-40d6-837b-dabe2c5ef51e', 'Johnson & Johnson');

-- ─────────────────────────────────────
-- Attributes
-- ─────────────────────────────────────
INSERT INTO attribute (uuid, name) VALUES ('68ab9649-6f7a-4512-8feb-fd7f3fce28ec', 'Color'), 
('3c665630-e6ed-4927-933a-394aabdb9790', 'Size'), 
('0dcf2127-2061-4298-8a28-ddf42630cb87', 'Material'), 
('76406729-55a7-453b-81d3-c005cb5b0ebe', 'Weight'), 
('889f2019-9657-4327-bd81-e21acccdbe9f', 'Dimensions'), 
('f3575de5-b72f-466d-a2f0-7615dec686d6', 'Warranty'), 
('f6d99980-6890-4c68-a6b3-cb36afa914ee', 'Quantity');

-- ─────────────────────────────────────
-- Products
-- ─────────────────────────────────────
INSERT INTO product (uuid, name, description, price, rating, availability, brand_id, category_id) VALUES ('50e5dc65-7751-4b1e-9a35-d441573e658f', 'Wireless Earbuds', 'Noise-cancelling wireless earbuds', 59.99, 4.5, TRUE, 'e8031c74-7327-4d98-8061-c20cb0d53bfe', 'd12e2ae5-aea9-4836-9899-cd1c27fe4463'), 
('a70d4f07-32f1-415c-b008-651d906c9c14', 'Laptop Backpack', 'Water-resistant laptop backpack', 39.99, 4.6, TRUE, '86a0f500-d05b-44ad-badc-fb6de62a6c4b', '21621d28-5c1a-462a-802a-643ed499b3ed'), 
('cc2d7b79-575a-41f4-b3a1-5126af9705e8', 'Electric Toothbrush', 'Rechargeable electric toothbrush', 29.99, 4.7, TRUE, '496a4aab-aea0-4e3f-b1de-3c1bfb1fce25', '69baee9b-38b9-4002-8fcc-c35e3f6fb681'), 
('14f5495c-c0c6-43d4-8c0f-cf3a7b582d40', 'Smartwatch', 'Fitness tracking smartwatch', 129.99, 4.4, TRUE, '876a68a0-3f35-4a1c-a1db-f61a8d91602a', '0d756c5a-4687-47ff-a0fa-25f381692887'), 
('cee78966-bb8b-4350-9845-6bb0da5af697', 'Gaming Mouse', 'High precision gaming mouse', 49.99, 4.5, TRUE, '8a62cd71-5c24-4220-a245-0bd760f5ec20', '6d694138-1d02-4b5e-a1b0-a4aec21deaf0'), 
('cdf3b9dc-0276-47f9-b189-b0f3a3bf4cff', 'Wireless Keyboard', 'Slim wireless keyboard', 34.99, 4.3, TRUE, '3fa6135a-4061-453f-beb5-3e761751a503', '91cec3b8-cacd-4e57-8814-34a64de70978'), 
('731fc9cb-d754-4398-84e5-66e54548d624', 'Action Camera', 'Waterproof action camera', 89.99, 4.6, TRUE, 'd9b9bb1a-155d-46bc-a1b6-1b506855f915', 'fbeaa8a9-7488-433e-adbb-111bb5e0085e'), 
('b353342d-3fa7-4589-8b35-4965958ef5fe', 'LED Desk Lamp', 'Adjustable LED desk lamp', 22.99, 4.7, TRUE, '3f8fb1fe-ba6a-4aef-9dc4-daca61469898', '69baee9b-38b9-4002-8fcc-c35e3f6fb681'), 
('26d60e33-10d4-420d-a9c9-aecf63db51ab', 'Electric Shaver', 'Cordless electric shaver', 49.99, 4.4, TRUE, 'bbc28442-7ae8-4ba2-be41-c04e74113e9b', 'd12e2ae5-aea9-4836-9899-cd1c27fe4463'), 
('70488e0c-1606-4ce0-b1f8-ba0bbb228353', 'Portable Charger', '10000mAh portable charger', 25.99, 4.5, TRUE, '10547ef1-c380-412c-8285-c0b02b6ff56c', '0adacf05-e2b1-465f-9e27-ffd4a92d8b4c'), 
('078a9d1c-6384-416a-9269-f8626fe642ab', 'Wireless Router', 'Dual-band wireless router', 59.99, 4.3, TRUE, '33fa2fee-b421-474d-94c9-b53cc3a5a234', '69baee9b-38b9-4002-8fcc-c35e3f6fb681'), 
('ad430783-50e1-4ffd-9629-1ce20313c900', 'Noise Cancelling Headphones', 'Over-ear noise cancelling headphones', 149.99, 4.7, TRUE, '4d95d2de-e0de-4e50-8fb1-5e940087cd15', '6d694138-1d02-4b5e-a1b0-a4aec21deaf0'), 
('4b29d3f7-82ea-47c3-beb8-00e38e592560', 'Fitness Mat', 'Extra thick fitness mat', 29.99, 4.6, TRUE, '295361d7-ec31-43b4-821b-ebd52e4246e8', '91cec3b8-cacd-4e57-8814-34a64de70978'), 
('1d0feb55-39ad-423c-90e4-63b705482225', 'Waterproof Speaker', 'Bluetooth waterproof speaker', 39.99, 4.5, TRUE, '496a4aab-aea0-4e3f-b1de-3c1bfb1fce25', '0d756c5a-4687-47ff-a0fa-25f381692887'), 
('f9920c90-50df-475a-b792-20e46bb8d96c', 'Electric Grill', 'Indoor electric grill', 69.99, 4.4, TRUE, 'ef1a48b3-960a-4c4e-b041-43b0f8bf997c', '0adacf05-e2b1-465f-9e27-ffd4a92d8b4c'), 
('406e4ac6-53a5-489d-813a-91ee52fe77e0', 'Cordless Drill', 'Powerful cordless drill', 79.99, 4.6, TRUE, '9c280d48-3119-4704-a155-8e0df44bab87', 'd12e2ae5-aea9-4836-9899-cd1c27fe4463'), 
('56cfcafc-94e5-4f84-8c2b-249c5bd21dd9', 'Running Shoes', 'Breathable running shoes', 59.99, 4.7, TRUE, 'eb471477-2d86-4b26-b34f-f57e5befa328', '0d756c5a-4687-47ff-a0fa-25f381692887'), 
('388c83ac-c3b2-4b6e-8b3e-1c2d41a791d4', 'Smart TV', '4K Ultra HD Smart TV', 399.99, 4.8, TRUE, '748006b2-a97d-4585-9aaf-08dcca3394a8', 'fbeaa8a9-7488-433e-adbb-111bb5e0085e'), 
('86a7e342-0cd0-46f3-b6f9-c2c24238a0ba', 'Electric Fan', 'Oscillating electric fan', 29.99, 4.3, TRUE, '9c280d48-3119-4704-a155-8e0df44bab87', '3eafc338-d4b7-40ec-b469-d81b8cc7face'), 
('489fdcd0-3651-413c-a5c1-cfb57ea18f76', 'Wireless Charger', 'Fast wireless charger', 19.99, 4.5, TRUE, '86a0f500-d05b-44ad-badc-fb6de62a6c4b', '21621d28-5c1a-462a-802a-643ed499b3ed'), 
('4a155808-a45a-4344-9b4c-c41695b55d3e', 'Laptop Stand', 'Adjustable laptop stand', 24.99, 4.6, TRUE, '223c52aa-98cd-4fe3-9463-2eb677d57743', '0d756c5a-4687-47ff-a0fa-25f381692887'), 
('c6db0200-13ce-4f49-b6b2-48540919ce7a', 'Electric Kettle', 'Stainless steel electric kettle', 34.99, 4.7, TRUE, '10547ef1-c380-412c-8285-c0b02b6ff56c', 'fbeaa8a9-7488-433e-adbb-111bb5e0085e'), 
('c93c1986-87f8-4b51-993f-2da626d69143', 'Yoga Pants', 'High-waisted yoga pants', 29.99, 4.8, TRUE, '9dd14c16-342a-4069-932c-92318e0b82a9', 'c6c105cd-8bf3-4f5d-b6e5-6e966bb25f72'), 
('8c702093-6c93-4c98-8419-84a630d414bf', 'Smart Light Switch', 'Wi-Fi smart light switch', 29.99, 4.4, TRUE, '4d95d2de-e0de-4e50-8fb1-5e940087cd15', 'd12e2ae5-aea9-4836-9899-cd1c27fe4463'), 
('015126b8-c062-4469-8ef1-eb2f01752c25', 'Electric Pressure Cooker', 'Multi-function pressure cooker', 99.99, 4.6, TRUE, '496a4aab-aea0-4e3f-b1de-3c1bfb1fce25', '0d756c5a-4687-47ff-a0fa-25f381692887'), 
('eb1adf57-444f-4bca-a775-fdc022b46fcb', 'Bluetooth Headset', 'Wireless Bluetooth headset', 39.99, 4.5, TRUE, '10547ef1-c380-412c-8285-c0b02b6ff56c', 'c6c105cd-8bf3-4f5d-b6e5-6e966bb25f72'), 
('840e27bb-9eae-43d6-a90b-23311e1df924', 'Electric Toothbrush Heads', 'Replacement toothbrush heads', 14.99, 4.7, TRUE, 'bbc28442-7ae8-4ba2-be41-c04e74113e9b', '0d756c5a-4687-47ff-a0fa-25f381692887'), 
('728ca2b6-3bc5-4b05-88f5-b75c5be86705', 'Smart Doorbell', 'Video smart doorbell', 89.99, 4.8, TRUE, '86a0f500-d05b-44ad-badc-fb6de62a6c4b', '6d694138-1d02-4b5e-a1b0-a4aec21deaf0'), 
('ef8096e6-7def-4bcf-8895-1ce5e1011688', 'Wireless Speaker', 'Portable wireless speaker', 49.99, 4.6, TRUE, 'eb471477-2d86-4b26-b34f-f57e5befa328', 'fbeaa8a9-7488-433e-adbb-111bb5e0085e'), 
('9f8e67e1-6629-4c00-ba14-1859bb8d7f75', 'Electric Blanket', 'Heated electric blanket', 59.99, 4.7, TRUE, '5e65fe3d-1e2c-4de4-b99e-4801fa769723', '6d694138-1d02-4b5e-a1b0-a4aec21deaf0'), 
('f17898eb-f8af-4d07-9bf1-ba60c79001ee', 'Smart Plug', 'Voice controlled smart plug', 19.99, 4.5, TRUE, '375b2c0a-24e6-4be9-9da5-3ff407c2378a', '0adacf05-e2b1-465f-9e27-ffd4a92d8b4c'), 
('1f6ad630-8a71-4bff-b26b-4019f484e44e', 'Wireless Security Camera', 'Outdoor wireless security camera', 99.99, 4.6, TRUE, '434fd64e-e27b-4762-a402-9467a309b227', '6d694138-1d02-4b5e-a1b0-a4aec21deaf0'), 
('2174351f-13f1-4510-b092-9dca9193234b', 'Electric Rice Cooker', 'Non-stick rice cooker', 39.99, 4.7, TRUE, 'ef1a48b3-960a-4c4e-b041-43b0f8bf997c', '69baee9b-38b9-4002-8fcc-c35e3f6fb681'), 
('f776c722-b5d0-42d3-aae1-aba1dedec3c4', 'Bluetooth Tracker', 'Key finder Bluetooth tracker', 24.99, 4.4, TRUE, '2262ecb0-90fb-4207-b421-e114063d6930', '0adacf05-e2b1-465f-9e27-ffd4a92d8b4c'), 
('f4d6de43-ff29-4b66-8595-9e3578f22edf', 'Electric Toothbrush Set', 'Complete electric toothbrush set', 49.99, 4.8, TRUE, '5e65fe3d-1e2c-4de4-b99e-4801fa769723', '3eafc338-d4b7-40ec-b469-d81b8cc7face'), 
('d64d97ea-961f-4624-930a-ec2db8a15548', 'Smart Home Hub', 'Central smart home hub', 79.99, 4.7, TRUE, '4d95d2de-e0de-4e50-8fb1-5e940087cd15', '0d756c5a-4687-47ff-a0fa-25f381692887'), 
('4363f142-557e-41d7-b058-2399205b7116', 'Wireless Charging Pad', 'Slim wireless charging pad', 19.99, 4.5, TRUE, '33fa2fee-b421-474d-94c9-b53cc3a5a234', 'c6c105cd-8bf3-4f5d-b6e5-6e966bb25f72'), 
('49f280e6-34d2-40de-8265-27bc5e59499a', 'Electric Toothbrush Travel Case', 'Travel case for electric toothbrush', 9.99, 4.6, TRUE, '9dd14c16-342a-4069-932c-92318e0b82a9', 'fbeaa8a9-7488-433e-adbb-111bb5e0085e'), 
('2deb636c-403f-438c-a4e6-60445e1ce034', 'Smart Smoke Detector', 'Wi-Fi smoke detector', 49.99, 4.7, TRUE, '10547ef1-c380-412c-8285-c0b02b6ff56c', 'd12e2ae5-aea9-4836-9899-cd1c27fe4463'), 
('0f126849-b830-463b-b5cb-ec4495b860dd', 'Wireless Charging Stand', 'Adjustable wireless charging stand', 29.99, 4.8, TRUE, '748006b2-a97d-4585-9aaf-08dcca3394a8', '3eafc338-d4b7-40ec-b469-d81b8cc7face'), 
('2631d2ca-d45d-4bea-ba80-dd3a8cea44aa', 'Electric Toothbrush Holder', 'Holder for electric toothbrush', 7.99, 4.5, TRUE, '496a4aab-aea0-4e3f-b1de-3c1bfb1fce25', 'c6c105cd-8bf3-4f5d-b6e5-6e966bb25f72'), 
('3341e802-8a0f-4aab-8703-a0ba1b8624bb', 'Smart Water Bottle', 'Hydration tracking smart bottle', 34.99, 4.6, TRUE, 'ca5550ca-7bfb-4726-bf05-e97ba329ce91', '0adacf05-e2b1-465f-9e27-ffd4a92d8b4c'), 
('0d3e46d0-0379-4087-8a8f-7d9edfdd48e6', 'Wireless Charging Case', 'Charging case for earbuds', 19.99, 4.7, TRUE, 'c9d28c35-59c9-4bb2-89ae-fc3598104a6f', 'fbeaa8a9-7488-433e-adbb-111bb5e0085e'), 
('13cbe86d-7d68-461a-ad3c-baaf3a4e1af2', 'Electric Toothbrush Charger', 'Charger for electric toothbrush', 12.99, 4.8, TRUE, '496a4aab-aea0-4e3f-b1de-3c1bfb1fce25', '0adacf05-e2b1-465f-9e27-ffd4a92d8b4c'), 
('e62329c5-f812-4f88-b618-4cd917c2634b', 'Smart Air Purifier', 'Wi-Fi air purifier', 129.99, 4.7, TRUE, '3f8fb1fe-ba6a-4aef-9dc4-daca61469898', '69baee9b-38b9-4002-8fcc-c35e3f6fb681'), 
('3c755071-643a-4c0a-a61f-166c2a4c841f', 'Wireless Charging Dock', 'Multi-device charging dock', 39.99, 4.6, TRUE, '11bb4d7a-110b-410f-9301-acbbd827ca87', '0d756c5a-4687-47ff-a0fa-25f381692887'), 
('dbc7fb42-d5a0-4a89-8add-2ed36d7f1145', 'Electric Toothbrush Sanitizer', 'UV sanitizer for toothbrush', 24.99, 4.5, TRUE, '5e65fe3d-1e2c-4de4-b99e-4801fa769723', 'd12e2ae5-aea9-4836-9899-cd1c27fe4463'), 
('a280e8ca-5d65-4fea-955d-e1109d5e9614', 'Smart Coffee Maker', 'Wi-Fi enabled coffee maker', 99.99, 4.8, TRUE, '5e65fe3d-1e2c-4de4-b99e-4801fa769723', '91cec3b8-cacd-4e57-8814-34a64de70978'), 
('baf1c71e-88b7-481e-af26-0776e29cad6a', 'Wireless Charging Mat', 'Large wireless charging mat', 29.99, 4.7, TRUE, '11bb4d7a-110b-410f-9301-acbbd827ca87', '69baee9b-38b9-4002-8fcc-c35e3f6fb681'), 
('dd8fd76b-4a40-4347-8630-02c4147decdb', 'Electric Toothbrush Replacement', 'Replacement electric toothbrush', 19.99, 4.6, TRUE, '4d95d2de-e0de-4e50-8fb1-5e940087cd15', 'd12e2ae5-aea9-4836-9899-cd1c27fe4463'), 
('7bb1c66e-5884-4544-b073-bd205830371a', 'Smart Refrigerator', 'Wi-Fi smart refrigerator', 799.99, 4.9, TRUE, '9dd14c16-342a-4069-932c-92318e0b82a9', '6d694138-1d02-4b5e-a1b0-a4aec21deaf0'), 
('f82b3aff-5a0b-4f6a-b34e-3e64166496ac', 'Wireless Charging Adapter', 'Adapter for wireless charging', 14.99, 4.5, TRUE, 'ba1561cf-62a9-40d6-837b-dabe2c5ef51e', '6d694138-1d02-4b5e-a1b0-a4aec21deaf0'), 
('72d9d044-0638-4fbf-a063-ab8c35b7fcc7', 'Electric Toothbrush Heads Pack', 'Pack of toothbrush heads', 24.99, 4.7, TRUE, '33fa2fee-b421-474d-94c9-b53cc3a5a234', '0adacf05-e2b1-465f-9e27-ffd4a92d8b4c'), 
('63849f2c-2dc4-4c1a-8642-597b9cbb395b', 'Smart Oven', 'Wi-Fi connected smart oven', 499.99, 4.8, TRUE, '748006b2-a97d-4585-9aaf-08dcca3394a8', 'c6c105cd-8bf3-4f5d-b6e5-6e966bb25f72'), 
('d4144509-29da-4955-8d28-7efc8e1f8b3f', 'Wireless Charging Receiver', 'Receiver for wireless charging', 9.99, 4.6, TRUE, '4d95d2de-e0de-4e50-8fb1-5e940087cd15', '69baee9b-38b9-4002-8fcc-c35e3f6fb681'), 
('5632d89e-3585-4759-ad92-4ca5332fb8d3', 'Electric Toothbrush Travel Kit', 'Travel kit for toothbrush', 29.99, 4.8, TRUE, '496a4aab-aea0-4e3f-b1de-3c1bfb1fce25', '0adacf05-e2b1-465f-9e27-ffd4a92d8b4c'), 
('c529e01e-bf19-4765-b2f6-bafc4367fd3c', 'Smart Washing Machine', 'Wi-Fi smart washing machine', 699.99, 4.9, TRUE, '9dd14c16-342a-4069-932c-92318e0b82a9', '3eafc338-d4b7-40ec-b469-d81b8cc7face'), 
('a9966e31-fad4-4151-8e38-b45d65d4097e', 'Wireless Charging Car Mount', 'Car mount with wireless charging', 34.99, 4.7, TRUE, 'ca5550ca-7bfb-4726-bf05-e97ba329ce91', '6d694138-1d02-4b5e-a1b0-a4aec21deaf0'), 
('edddb03e-d601-41d7-9105-6c384e04b718', 'Electric Toothbrush Kids', 'Kids electric toothbrush', 19.99, 4.6, TRUE, '2262ecb0-90fb-4207-b421-e114063d6930', '91cec3b8-cacd-4e57-8814-34a64de70978'), 
('82ba7544-5019-4bc0-b336-f430fb9c46bd', 'Smart Dishwasher', 'Wi-Fi smart dishwasher', 599.99, 4.8, TRUE, 'ba1561cf-62a9-40d6-837b-dabe2c5ef51e', '69baee9b-38b9-4002-8fcc-c35e3f6fb681'), 
('52192d19-9511-4506-a6de-2c20e1cb086d', 'Wireless Charging Power Bank', 'Power bank with wireless charging', 49.99, 4.7, TRUE, '223c52aa-98cd-4fe3-9463-2eb677d57743', 'fbeaa8a9-7488-433e-adbb-111bb5e0085e'), 
('cc9d80b6-38bc-4306-9d73-7696f95c76de', 'Electric Toothbrush Adult', 'Adult electric toothbrush', 29.99, 4.8, TRUE, '496a4aab-aea0-4e3f-b1de-3c1bfb1fce25', '91cec3b8-cacd-4e57-8814-34a64de70978'), 
('0329d822-3a54-4c8f-abd8-f6ea98d57c62', 'Smart Microwave', 'Wi-Fi smart microwave', 199.99, 4.9, TRUE, '295361d7-ec31-43b4-821b-ebd52e4246e8', 'd12e2ae5-aea9-4836-9899-cd1c27fe4463'), 
('aa01869f-3ec1-40b3-9284-7c03e642ecb7', 'Wireless Charging Pad Mini', 'Mini wireless charging pad', 14.99, 4.6, TRUE, '876a68a0-3f35-4a1c-a1db-f61a8d91602a', '3eafc338-d4b7-40ec-b469-d81b8cc7face'), 
('07b85eb6-bb14-45a4-a07a-bd72bebc42c4', 'Electric Toothbrush Sensitive', 'Sensitive electric toothbrush', 34.99, 4.7, TRUE, '9dd14c16-342a-4069-932c-92318e0b82a9', '6d694138-1d02-4b5e-a1b0-a4aec21deaf0'), 
('59a2f28a-96b2-4917-9f23-85974af81406', 'Smart Freezer', 'Wi-Fi smart freezer', 499.99, 4.8, TRUE, 'ca5550ca-7bfb-4726-bf05-e97ba329ce91', 'd12e2ae5-aea9-4836-9899-cd1c27fe4463'), 
('7fcdefdb-14a3-4791-a0bc-946d6982c35c', 'Wireless Charging Stand Pro', 'Pro wireless charging stand', 39.99, 4.7, TRUE, '8cf65b66-bc04-4b3f-a6cc-b0b5eb9fb606', '91cec3b8-cacd-4e57-8814-34a64de70978'), 
('d1feb6fc-efbc-414e-868c-ad7df83df8a8', 'Electric Toothbrush Whitening', 'Whitening electric toothbrush', 39.99, 4.8, TRUE, '434fd64e-e27b-4762-a402-9467a309b227', '69baee9b-38b9-4002-8fcc-c35e3f6fb681'), 
('ff272476-f6ae-4943-b6ce-29318896940d', 'Smart Air Conditioner', 'Wi-Fi smart air conditioner', 399.99, 4.9, TRUE, '223c52aa-98cd-4fe3-9463-2eb677d57743', '6d694138-1d02-4b5e-a1b0-a4aec21deaf0'), 
('f6ba4415-fa96-4fa5-87ef-92c897043320', 'Wireless Charging Pad Duo', 'Duo wireless charging pad', 29.99, 4.6, TRUE, '496a4aab-aea0-4e3f-b1de-3c1bfb1fce25', '91cec3b8-cacd-4e57-8814-34a64de70978'), 
('983ccec6-cbf3-4b75-be32-f088e4683b8b', 'Electric Toothbrush Deep Clean', 'Deep clean electric toothbrush', 44.99, 4.7, TRUE, '496a4aab-aea0-4e3f-b1de-3c1bfb1fce25', 'c6c105cd-8bf3-4f5d-b6e5-6e966bb25f72'), 
('27ca2670-15db-496f-9fc7-b5fec19833f8', 'Smart Dehumidifier', 'Wi-Fi smart dehumidifier', 249.99, 4.8, TRUE, 'eb471477-2d86-4b26-b34f-f57e5befa328', '0adacf05-e2b1-465f-9e27-ffd4a92d8b4c'), 
('ccd878f1-908a-464f-82c6-7c4edafbac46', 'Wireless Charging Pad Ultra', 'Ultra wireless charging pad', 34.99, 4.7, TRUE, '8cf65b66-bc04-4b3f-a6cc-b0b5eb9fb606', '0d756c5a-4687-47ff-a0fa-25f381692887'), 
('e4998ae1-095f-4e44-825b-5bd1c2e386f0', 'Electric Toothbrush Pro', 'Pro electric toothbrush', 49.99, 4.8, TRUE, '496a4aab-aea0-4e3f-b1de-3c1bfb1fce25', 'c6c105cd-8bf3-4f5d-b6e5-6e966bb25f72'), 
('5c4b65f4-563c-4000-ae6b-1b4de02dc2f0', 'Smart Humidifier', 'Wi-Fi smart humidifier', 129.99, 4.9, TRUE, 'e8031c74-7327-4d98-8061-c20cb0d53bfe', 'd12e2ae5-aea9-4836-9899-cd1c27fe4463'), 
('e35293c7-828d-4b8b-b1c2-9ba180b1cf94', 'Wireless Charging Pad Max', 'Max wireless charging pad', 39.99, 4.6, TRUE, 'ba1561cf-62a9-40d6-837b-dabe2c5ef51e', 'd12e2ae5-aea9-4836-9899-cd1c27fe4463'), 
('c4f70d24-d2c7-4683-99fc-7a37960b0403', 'Electric Toothbrush Compact', 'Compact electric toothbrush', 24.99, 4.7, TRUE, '4d95d2de-e0de-4e50-8fb1-5e940087cd15', 'fbeaa8a9-7488-433e-adbb-111bb5e0085e'), 
('5672dda4-2107-41c5-839b-444a3696f20b', 'Smart Heater', 'Wi-Fi smart heater', 199.99, 4.8, TRUE, 'bbc28442-7ae8-4ba2-be41-c04e74113e9b', 'fbeaa8a9-7488-433e-adbb-111bb5e0085e'), 
('e686a513-ef10-4c77-88c9-ee5bb15423b9', 'Wireless Charging Pad Slim', 'Slim wireless charging pad', 19.99, 4.7, TRUE, 'ef1a48b3-960a-4c4e-b041-43b0f8bf997c', 'fbeaa8a9-7488-433e-adbb-111bb5e0085e'), 
('38acd7fe-086d-4bc0-8860-8ae1e8c79e94', 'Electric Toothbrush Rechargeable', 'Rechargeable electric toothbrush', 29.99, 4.8, TRUE, 'bbc28442-7ae8-4ba2-be41-c04e74113e9b', 'fbeaa8a9-7488-433e-adbb-111bb5e0085e'), 
('ac18d9e2-055d-414c-a340-5be3e7b4ec66', 'Smart Fan', 'Wi-Fi smart fan', 99.99, 4.9, TRUE, '223c52aa-98cd-4fe3-9463-2eb677d57743', 'fbeaa8a9-7488-433e-adbb-111bb5e0085e'), 
('6361e83a-f9f4-4ad0-97c4-72ac6c2791cc', 'Wireless Charging Pad Portable', 'Portable wireless charging pad', 24.99, 4.6, TRUE, '375b2c0a-24e6-4be9-9da5-3ff407c2378a', '69baee9b-38b9-4002-8fcc-c35e3f6fb681'), 
('15729d44-1985-4001-964c-cf00de2d2de4', 'Electric Toothbrush Sonic', 'Sonic electric toothbrush', 34.99, 4.7, TRUE, '295361d7-ec31-43b4-821b-ebd52e4246e8', '3eafc338-d4b7-40ec-b469-d81b8cc7face'), 
('bbb24950-dd62-42bd-84b3-19ab6b319f7e', 'Smart Vacuum', 'Wi-Fi smart vacuum cleaner', 299.99, 4.8, TRUE, 'd9b9bb1a-155d-46bc-a1b6-1b506855f915', '69baee9b-38b9-4002-8fcc-c35e3f6fb681'), 
('f767c447-7deb-4eef-a5ed-d8f58d1ce100', 'Wireless Charging Pad Fast', 'Fast wireless charging pad', 29.99, 4.7, TRUE, 'd9b9bb1a-155d-46bc-a1b6-1b506855f915', '0adacf05-e2b1-465f-9e27-ffd4a92d8b4c'), 
('8ba7b0c6-9010-47bb-83fa-195976b5915b', 'Electric Toothbrush Ultra', 'Ultra electric toothbrush', 39.99, 4.8, TRUE, '5e65fe3d-1e2c-4de4-b99e-4801fa769723', '21621d28-5c1a-462a-802a-643ed499b3ed'), 
('b21175a6-c861-46c0-ae92-ad2c013990fc', 'Smart Thermostat Pro', 'Pro smart thermostat', 129.99, 4.9, TRUE, '10547ef1-c380-412c-8285-c0b02b6ff56c', '69baee9b-38b9-4002-8fcc-c35e3f6fb681'), 
('853ff6fb-833f-4ddf-b1a9-638c5d203b23', 'Wireless Charging Pad Desk', 'Desk wireless charging pad', 34.99, 4.6, TRUE, '11bb4d7a-110b-410f-9301-acbbd827ca87', 'd12e2ae5-aea9-4836-9899-cd1c27fe4463'), 
('a5f45baa-e1fc-4803-bdb8-5c1d09603ef5', 'Electric Toothbrush Deluxe', 'Deluxe electric toothbrush', 44.99, 4.7, TRUE, 'e8031c74-7327-4d98-8061-c20cb0d53bfe', 'fbeaa8a9-7488-433e-adbb-111bb5e0085e'), 
('ac46e1fe-42b9-4bba-9d6c-941bb652d02d', 'Smart Light Bulb', 'Wi-Fi smart light bulb', 19.99, 4.8, TRUE, 'ba1561cf-62a9-40d6-837b-dabe2c5ef51e', 'd12e2ae5-aea9-4836-9899-cd1c27fe4463'), 
('cf75f1ec-9efa-4186-9655-2386f79b2be8', 'Wireless Charging Pad Home', 'Home wireless charging pad', 29.99, 4.7, TRUE, 'ca5550ca-7bfb-4726-bf05-e97ba329ce91', 'd12e2ae5-aea9-4836-9899-cd1c27fe4463'), 
('4d5ef551-fce8-42be-a9eb-f46b4ba07434', 'Electric Toothbrush Advanced', 'Advanced electric toothbrush', 49.99, 4.8, TRUE, '5e65fe3d-1e2c-4de4-b99e-4801fa769723', '21621d28-5c1a-462a-802a-643ed499b3ed'), 
('d4094e30-742d-48a7-a2b9-f112b7141e7d', 'Smart Plug Mini', 'Mini smart plug', 14.99, 4.9, TRUE, 'ca5550ca-7bfb-4726-bf05-e97ba329ce91', '0adacf05-e2b1-465f-9e27-ffd4a92d8b4c'), 
('7914aee7-8873-481d-b581-ea35178a91ee', 'Wireless Charging Pad Travel', 'Travel wireless charging pad', 19.99, 4.6, TRUE, '11bb4d7a-110b-410f-9301-acbbd827ca87', '21621d28-5c1a-462a-802a-643ed499b3ed'), 
('9848c02a-8a06-410e-a3d0-35baa37e09f7', 'Electric Toothbrush Kids Pro', 'Kids pro electric toothbrush', 29.99, 4.7, TRUE, 'ba1561cf-62a9-40d6-837b-dabe2c5ef51e', 'fbeaa8a9-7488-433e-adbb-111bb5e0085e'), 
('90b18d20-ad6c-4b95-85ae-bb8e457e241c', 'Smart Lock Pro', 'Pro smart lock', 99.99, 4.8, TRUE, '9dd14c16-342a-4069-932c-92318e0b82a9', '6d694138-1d02-4b5e-a1b0-a4aec21deaf0'), 
('8b7b3fb6-8a18-407f-9023-dbd375dc8fae', 'Wireless Charging Pad Car', 'Car wireless charging pad', 24.99, 4.7, TRUE, 'bbc28442-7ae8-4ba2-be41-c04e74113e9b', '0d756c5a-4687-47ff-a0fa-25f381692887'), 
('8bf142d4-5d6b-4099-9435-7cfe5231de28', 'Electric Toothbrush Sensitive Pro', 'Sensitive pro electric toothbrush', 34.99, 4.8, TRUE, 'e8031c74-7327-4d98-8061-c20cb0d53bfe', 'c6c105cd-8bf3-4f5d-b6e5-6e966bb25f72'), 
('4f903e98-7e24-4cd5-ab05-bdef174e6fc9', 'Smart Doorbell Pro', 'Pro smart doorbell', 129.99, 4.9, TRUE, 'e8031c74-7327-4d98-8061-c20cb0d53bfe', '3eafc338-d4b7-40ec-b469-d81b8cc7face'), 
('356c5106-20eb-40b8-b29b-96f9bc239d67', 'Wireless Charging Pad Office', 'Office wireless charging pad', 29.99, 4.6, TRUE, '375b2c0a-24e6-4be9-9da5-3ff407c2378a', '69baee9b-38b9-4002-8fcc-c35e3f6fb681'), 
('cc06e2a1-ade3-4d41-a3da-cce37d1a88c8', 'Electric Toothbrush Whitening Pro', 'Whitening pro electric toothbrush', 39.99, 4.7, TRUE, 'ca5550ca-7bfb-4726-bf05-e97ba329ce91', 'fbeaa8a9-7488-433e-adbb-111bb5e0085e'), 
('68e7deaa-46e7-4ed2-9dc0-ef819c49fa87', 'Smart Smoke Detector Pro', 'Pro smart smoke detector', 59.99, 4.8, TRUE, 'eb471477-2d86-4b26-b34f-f57e5befa328', 'c6c105cd-8bf3-4f5d-b6e5-6e966bb25f72'), 
('620198c5-42b7-429f-9ed1-ef7130ff3106', 'Wireless Charging Pad Multi', 'Multi wireless charging pad', 34.99, 4.7, TRUE, '434fd64e-e27b-4762-a402-9467a309b227', '0d756c5a-4687-47ff-a0fa-25f381692887'), 
('e6bba0e4-3e2b-41ee-a2e1-3128b1e4b987', 'Electric Toothbrush Travel Pro', 'Travel pro electric toothbrush', 29.99, 4.8, TRUE, '33fa2fee-b421-474d-94c9-b53cc3a5a234', '6d694138-1d02-4b5e-a1b0-a4aec21deaf0'), 
('93cd54be-2037-4b50-b37e-b8981759ab5a', 'Smart Home Hub Pro', 'Pro smart home hub', 99.99, 4.9, TRUE, '223c52aa-98cd-4fe3-9463-2eb677d57743', 'd12e2ae5-aea9-4836-9899-cd1c27fe4463'), 
('4c84bd5f-43a0-4a96-b7e1-cade597ad06a', 'Wireless Charging Pad Stand', 'Stand wireless charging pad', 29.99, 4.6, TRUE, '375b2c0a-24e6-4be9-9da5-3ff407c2378a', '69baee9b-38b9-4002-8fcc-c35e3f6fb681'), 
('ee22505d-f71a-498c-80d9-d985f2919901', 'Electric Toothbrush Holder Pro', 'Holder pro for electric toothbrush', 9.99, 4.7, TRUE, '11bb4d7a-110b-410f-9301-acbbd827ca87', 'fbeaa8a9-7488-433e-adbb-111bb5e0085e'), 
('a388e2b8-7f62-423a-ad35-e883cbbd218b', 'Smart Water Bottle Pro', 'Pro smart water bottle', 39.99, 4.8, TRUE, 'd9b9bb1a-155d-46bc-a1b6-1b506855f915', 'd12e2ae5-aea9-4836-9899-cd1c27fe4463'), 
('a3e7e103-aa91-41df-a382-2602538a2b54', 'Wireless Charging Pad Station', 'Station wireless charging pad', 34.99, 4.7, TRUE, 'ba1561cf-62a9-40d6-837b-dabe2c5ef51e', 'fbeaa8a9-7488-433e-adbb-111bb5e0085e'), 
('7c5f58ad-3306-4d33-955c-bb2850527c1b', 'Electric Toothbrush Charger Pro', 'Charger pro for electric toothbrush', 14.99, 4.8, TRUE, '8f607dc9-1d3a-4d59-9579-c684034e587b', '3eafc338-d4b7-40ec-b469-d81b8cc7face'), 
('57a00f7d-6c3d-4125-b98d-e71cd206eeb7', 'Smart Air Purifier Pro', 'Pro smart air purifier', 149.99, 4.9, TRUE, 'ef1a48b3-960a-4c4e-b041-43b0f8bf997c', 'fbeaa8a9-7488-433e-adbb-111bb5e0085e'), 
('1385763a-24e4-45ae-a0dd-c2abd5d914fd', 'Wireless Charging Pad Dock', 'Dock wireless charging pad', 39.99, 4.7, TRUE, '375b2c0a-24e6-4be9-9da5-3ff407c2378a', '91cec3b8-cacd-4e57-8814-34a64de70978'), 
('722694a2-85cb-4a0d-8827-3739d46a804f', 'Electric Toothbrush Sanitizer Pro', 'Sanitizer pro for toothbrush', 29.99, 4.8, TRUE, '876a68a0-3f35-4a1c-a1db-f61a8d91602a', '0adacf05-e2b1-465f-9e27-ffd4a92d8b4c'), 
('91130117-c9ba-4537-9dfc-756e1f704240', 'Smart Coffee Maker Pro', 'Pro smart coffee maker', 129.99, 4.9, TRUE, '9dd14c16-342a-4069-932c-92318e0b82a9', '0adacf05-e2b1-465f-9e27-ffd4a92d8b4c'), 
('877e2889-4204-4759-bcd6-7e6c09491509', 'Wireless Charging Pad Mat', 'Mat wireless charging pad', 34.99, 4.7, TRUE, '748006b2-a97d-4585-9aaf-08dcca3394a8', '3eafc338-d4b7-40ec-b469-d81b8cc7face'), 
('9ca12b9d-0824-4ae5-af87-fda75ddf62e6', 'Electric Toothbrush Replacement Pro', 'Replacement pro electric toothbrush', 24.99, 4.8, TRUE, 'ba1561cf-62a9-40d6-837b-dabe2c5ef51e', '69baee9b-38b9-4002-8fcc-c35e3f6fb681'), 
('819eabce-8504-4d8e-8d70-e20202b824a3', 'Smart Refrigerator Pro', 'Pro smart refrigerator', 899.99, 4.9, TRUE, '496a4aab-aea0-4e3f-b1de-3c1bfb1fce25', 'fbeaa8a9-7488-433e-adbb-111bb5e0085e'), 
('dcd9fd88-aed8-41f6-b554-eda0bae11d41', 'Wireless Charging Pad Adapter', 'Adapter wireless charging pad', 19.99, 4.7, TRUE, '748006b2-a97d-4585-9aaf-08dcca3394a8', '0adacf05-e2b1-465f-9e27-ffd4a92d8b4c'), 
('e12f3d62-3b7a-4091-95cf-a7abbc8fb089', 'Electric Toothbrush Heads Pro', 'Heads pro for electric toothbrush', 29.99, 4.8, TRUE, '223c52aa-98cd-4fe3-9463-2eb677d57743', '21621d28-5c1a-462a-802a-643ed499b3ed'), 
('10f35bb3-9452-42df-b944-16d9c1e500b7', 'Smart Oven Pro', 'Pro smart oven', 599.99, 4.9, TRUE, '86a0f500-d05b-44ad-badc-fb6de62a6c4b', '0adacf05-e2b1-465f-9e27-ffd4a92d8b4c'), 
('900d7ff2-3663-485a-87c9-e9d5ba8c1254', 'Wireless Charging Pad Receiver', 'Receiver wireless charging pad', 14.99, 4.7, TRUE, '876a68a0-3f35-4a1c-a1db-f61a8d91602a', '21621d28-5c1a-462a-802a-643ed499b3ed'), 
('78d9d64a-17c4-415b-a243-961304af55b2', 'Electric Toothbrush Travel Kit Pro', 'Travel kit pro for toothbrush', 34.99, 4.8, TRUE, '3f8fb1fe-ba6a-4aef-9dc4-daca61469898', '0adacf05-e2b1-465f-9e27-ffd4a92d8b4c'), 
('319df4bf-548a-4d29-8feb-1433d436cf68', 'Smart Washing Machine Pro', 'Pro smart washing machine', 799.99, 4.9, TRUE, '9dd14c16-342a-4069-932c-92318e0b82a9', '6d694138-1d02-4b5e-a1b0-a4aec21deaf0'), 
('575428fc-4175-45b6-8f8d-08d984287752', 'Wireless Charging Pad Car Pro', 'Car pro wireless charging pad', 39.99, 4.7, TRUE, 'ba1561cf-62a9-40d6-837b-dabe2c5ef51e', '0adacf05-e2b1-465f-9e27-ffd4a92d8b4c'), 
('e9be9076-16fd-428d-9c87-49853e5db428', 'Electric Toothbrush Kids Deluxe', 'Kids deluxe electric toothbrush', 24.99, 4.8, TRUE, '434fd64e-e27b-4762-a402-9467a309b227', '0d756c5a-4687-47ff-a0fa-25f381692887'), 
('780b106a-7adb-40ec-8fbe-0eb8a09cf1e0', 'Smart Dishwasher Pro', 'Pro smart dishwasher', 699.99, 4.9, TRUE, 'c9d28c35-59c9-4bb2-89ae-fc3598104a6f', '6d694138-1d02-4b5e-a1b0-a4aec21deaf0'), 
('41de083e-b8c3-47c7-8167-08975d94f3bd', 'Wireless Charging Pad Power Bank', 'Power bank wireless charging pad', 59.99, 4.8, TRUE, '10547ef1-c380-412c-8285-c0b02b6ff56c', 'fbeaa8a9-7488-433e-adbb-111bb5e0085e'), 
('bd1b5c8f-0d23-4d32-9e3a-f74784479f84', 'Electric Toothbrush Adult Pro', 'Adult pro electric toothbrush', 34.99, 4.9, TRUE, 'ba1561cf-62a9-40d6-837b-dabe2c5ef51e', '0adacf05-e2b1-465f-9e27-ffd4a92d8b4c'), 
('5f103b69-906f-4a34-b250-6a5827495b36', 'Smart Microwave Pro', 'Pro smart microwave', 249.99, 4.9, TRUE, 'eb471477-2d86-4b26-b34f-f57e5befa328', 'c6c105cd-8bf3-4f5d-b6e5-6e966bb25f72'), 
('ba96b655-806a-4a8f-8511-536315a49a6a', 'Wireless Charging Pad Mini Pro', 'Mini pro wireless charging pad', 19.99, 4.8, TRUE, '30278a61-2bda-4590-99b6-c96923751e92', 'fbeaa8a9-7488-433e-adbb-111bb5e0085e'), 
('22b6518e-da5d-425b-8e0f-8a446afff3d5', 'Electric Toothbrush Sensitive Deluxe', 'Sensitive deluxe electric toothbrush', 39.99, 4.9, TRUE, '295361d7-ec31-43b4-821b-ebd52e4246e8', '21621d28-5c1a-462a-802a-643ed499b3ed'), 
('9ec33181-3c40-4c3b-b981-bb36b81c5dd2', 'Smart Freezer Pro', 'Pro smart freezer', 599.99, 4.9, TRUE, 'bbc28442-7ae8-4ba2-be41-c04e74113e9b', '0adacf05-e2b1-465f-9e27-ffd4a92d8b4c'), 
('d4764d6d-ed49-402d-a232-89fbf77b4c94', 'Wireless Charging Pad Duo Pro', 'Duo pro wireless charging pad', 34.99, 4.8, TRUE, '8a62cd71-5c24-4220-a245-0bd760f5ec20', '0d756c5a-4687-47ff-a0fa-25f381692887'), 
('5bcdea90-cfc4-488d-848e-d7cba8fcfa3a', 'Electric Toothbrush Whitening Deluxe', 'Whitening deluxe electric toothbrush', 44.99, 4.9, TRUE, '5e65fe3d-1e2c-4de4-b99e-4801fa769723', '69baee9b-38b9-4002-8fcc-c35e3f6fb681'), 
('9ee93e97-cb8e-4b65-a100-085ca1a8f681', 'Smart Air Conditioner Pro', 'Pro smart air conditioner', 499.99, 4.9, TRUE, '30278a61-2bda-4590-99b6-c96923751e92', '3eafc338-d4b7-40ec-b469-d81b8cc7face'), 
('de72b908-e8ee-43c4-92c9-851311cf86db', 'Wireless Charging Pad Ultra Pro', 'Ultra pro wireless charging pad', 39.99, 4.8, TRUE, '10547ef1-c380-412c-8285-c0b02b6ff56c', '3eafc338-d4b7-40ec-b469-d81b8cc7face'), 
('320d1895-752b-42d0-a8b3-d5b63dc2a72d', 'Electric Toothbrush Deep Clean Pro', 'Deep clean pro electric toothbrush', 49.99, 4.9, TRUE, 'd9b9bb1a-155d-46bc-a1b6-1b506855f915', '0d756c5a-4687-47ff-a0fa-25f381692887'), 
('ccfa50fe-5e88-4b22-8a98-ca2b9d250ce3', 'Smart Dehumidifier Pro', 'Pro smart dehumidifier', 299.99, 4.9, TRUE, 'c9d28c35-59c9-4bb2-89ae-fc3598104a6f', 'fbeaa8a9-7488-433e-adbb-111bb5e0085e'), 
('f11606cc-9682-4af6-af62-037f43623cf1', 'Wireless Charging Pad Ultra Max', 'Ultra max wireless charging pad', 44.99, 4.9, TRUE, '295361d7-ec31-43b4-821b-ebd52e4246e8', 'd12e2ae5-aea9-4836-9899-cd1c27fe4463'), 
('1d9bcc1b-0aff-4f78-9e6b-fb58bcd946d6', 'Electric Toothbrush Pro Max', 'Pro max electric toothbrush', 54.99, 4.9, TRUE, 'ba1561cf-62a9-40d6-837b-dabe2c5ef51e', '69baee9b-38b9-4002-8fcc-c35e3f6fb681'), 
('2be19144-8879-45a9-a8fb-04de3f7e294b', 'Smart Humidifier Pro', 'Pro smart humidifier', 149.99, 4.9, TRUE, '11bb4d7a-110b-410f-9301-acbbd827ca87', 'c6c105cd-8bf3-4f5d-b6e5-6e966bb25f72'), 
('e38fc125-e09a-4fc8-be8a-95b868596656', 'Wireless Charging Pad Max Pro', 'Max pro wireless charging pad', 44.99, 4.9, TRUE, 'd9b9bb1a-155d-46bc-a1b6-1b506855f915', '0d756c5a-4687-47ff-a0fa-25f381692887'), 
('9e5dd2a1-1344-4528-82fd-b061600f9dfc', 'Electric Toothbrush Compact Pro', 'Compact pro electric toothbrush', 29.99, 4.9, TRUE, 'bbc28442-7ae8-4ba2-be41-c04e74113e9b', '0adacf05-e2b1-465f-9e27-ffd4a92d8b4c'), 
('5ed7ff71-4a3f-4360-ae01-94b743d9c785', 'Smart Heater Pro', 'Pro smart heater', 249.99, 4.9, TRUE, '434fd64e-e27b-4762-a402-9467a309b227', 'fbeaa8a9-7488-433e-adbb-111bb5e0085e'), 
('e384a5a1-d247-4825-81aa-7b49b972dea3', 'Wireless Charging Pad Slim Pro', 'Slim pro wireless charging pad', 24.99, 4.8, TRUE, '11bb4d7a-110b-410f-9301-acbbd827ca87', '91cec3b8-cacd-4e57-8814-34a64de70978'), 
('65b4c5ab-2df9-4170-94f2-367f72119148', 'Electric Toothbrush Rechargeable Pro', 'Rechargeable pro electric toothbrush', 39.99, 4.9, TRUE, '496a4aab-aea0-4e3f-b1de-3c1bfb1fce25', 'd12e2ae5-aea9-4836-9899-cd1c27fe4463'), 
('6b3636ef-c001-4162-8c17-94b6b56e45d9', 'Smart Fan Pro', 'Pro smart fan', 149.99, 4.9, TRUE, 'bbc28442-7ae8-4ba2-be41-c04e74113e9b', '21621d28-5c1a-462a-802a-643ed499b3ed'), 
('42fc1f59-5fb6-4b7d-9409-ac18e51af58a', 'Wireless Charging Pad Portable Pro', 'Portable pro wireless charging pad', 29.99, 4.8, TRUE, '10547ef1-c380-412c-8285-c0b02b6ff56c', '69baee9b-38b9-4002-8fcc-c35e3f6fb681'), 
('ce4261cb-6821-48b9-bf17-764ab75f5f24', 'Electric Toothbrush Sonic Pro', 'Sonic pro electric toothbrush', 44.99, 4.9, TRUE, 'ef1a48b3-960a-4c4e-b041-43b0f8bf997c', '0adacf05-e2b1-465f-9e27-ffd4a92d8b4c'), 
('ae276ddd-8d6b-4890-90a6-3e9900644ad4', 'Smart Vacuum Pro', 'Pro smart vacuum cleaner', 399.99, 4.9, TRUE, 'eb471477-2d86-4b26-b34f-f57e5befa328', 'c6c105cd-8bf3-4f5d-b6e5-6e966bb25f72'), 
('d43cab0b-6591-426d-b89e-6aa27dd2c058', 'Wireless Charging Pad Fast Pro', 'Fast pro wireless charging pad', 34.99, 4.8, TRUE, '496a4aab-aea0-4e3f-b1de-3c1bfb1fce25', '0adacf05-e2b1-465f-9e27-ffd4a92d8b4c'), 
('f25aa8d8-5977-410a-9e4a-da68cce61b09', 'Electric Toothbrush Ultra Pro', 'Ultra pro electric toothbrush', 49.99, 4.9, TRUE, '3f8fb1fe-ba6a-4aef-9dc4-daca61469898', 'fbeaa8a9-7488-433e-adbb-111bb5e0085e'), 
('9eba6e12-3b98-4416-a3de-2f4eba1f52d3', 'Smart Thermostat Ultra', 'Ultra smart thermostat', 149.99, 4.9, TRUE, '4d95d2de-e0de-4e50-8fb1-5e940087cd15', '6d694138-1d02-4b5e-a1b0-a4aec21deaf0'), 
('d6bb61ae-6be4-41df-bcf8-f7640705983e', 'Wireless Charging Pad Desk Pro', 'Desk pro wireless charging pad', 39.99, 4.8, TRUE, '3f8fb1fe-ba6a-4aef-9dc4-daca61469898', 'd12e2ae5-aea9-4836-9899-cd1c27fe4463'), 
('5e771324-ac95-4bbb-b7f7-3aba55d6b080', 'Electric Toothbrush Deluxe Pro', 'Deluxe pro electric toothbrush', 54.99, 4.9, TRUE, 'ef1a48b3-960a-4c4e-b041-43b0f8bf997c', 'c6c105cd-8bf3-4f5d-b6e5-6e966bb25f72'), 
('8e9b2d2a-b951-4fd2-ac8b-360c8ceee576', 'Smart Light Bulb Pro', 'Pro smart light bulb', 24.99, 4.9, TRUE, '8f607dc9-1d3a-4d59-9579-c684034e587b', 'd12e2ae5-aea9-4836-9899-cd1c27fe4463'), 
('d7a0cf07-d92c-4196-9ebf-e7084f31421c', 'Wireless Charging Pad Home Pro', 'Home pro wireless charging pad', 34.99, 4.8, TRUE, '496a4aab-aea0-4e3f-b1de-3c1bfb1fce25', '0adacf05-e2b1-465f-9e27-ffd4a92d8b4c'), 
('84c52cc5-1e8c-4455-b706-1f646d63081d', 'Electric Toothbrush Advanced Pro', 'Advanced pro electric toothbrush', 59.99, 4.9, TRUE, '3fa6135a-4061-453f-beb5-3e761751a503', '21621d28-5c1a-462a-802a-643ed499b3ed'), 
('7342cd0d-5d6c-4a7a-a4b8-eb11273c809e', 'Smart Plug Mini Pro', 'Mini pro smart plug', 19.99, 4.9, TRUE, '496a4aab-aea0-4e3f-b1de-3c1bfb1fce25', '91cec3b8-cacd-4e57-8814-34a64de70978'), 
('e3f96df7-cad6-4eb8-9e1a-45e1ea06af97', 'Wireless Charging Pad Travel Pro', 'Travel pro wireless charging pad', 24.99, 4.8, TRUE, '86a0f500-d05b-44ad-badc-fb6de62a6c4b', '3eafc338-d4b7-40ec-b469-d81b8cc7face'), 
('6ef5b21a-4095-4b28-b928-239778921d1b', 'Electric Toothbrush Kids Pro Max', 'Kids pro max electric toothbrush', 34.99, 4.9, TRUE, '9c280d48-3119-4704-a155-8e0df44bab87', 'd12e2ae5-aea9-4836-9899-cd1c27fe4463'), 
('3e381a8e-1dbc-44e6-a83e-e71adb45591e', 'Smart Lock Ultra', 'Ultra smart lock', 129.99, 4.9, TRUE, '748006b2-a97d-4585-9aaf-08dcca3394a8', '21621d28-5c1a-462a-802a-643ed499b3ed'), 
('4ec034d1-5450-48fb-b8ba-226c3cf222ac', 'Wireless Charging Pad Car Ultra', 'Car ultra wireless charging pad', 44.99, 4.8, TRUE, 'ca5550ca-7bfb-4726-bf05-e97ba329ce91', '69baee9b-38b9-4002-8fcc-c35e3f6fb681'), 
('9cab5371-aabc-432a-8936-4ef978bceb4f', 'Electric Toothbrush Sensitive Pro Max', 'Sensitive pro max electric toothbrush', 44.99, 4.9, TRUE, '30278a61-2bda-4590-99b6-c96923751e92', '0d756c5a-4687-47ff-a0fa-25f381692887'), 
('863375af-6d01-423f-95c8-44b4c1d0a278', 'Smart Doorbell Ultra', 'Ultra smart doorbell', 149.99, 4.9, TRUE, 'c9d28c35-59c9-4bb2-89ae-fc3598104a6f', 'c6c105cd-8bf3-4f5d-b6e5-6e966bb25f72'), 
('de3065e8-5b37-426e-89ff-7dcec8ab4869', 'Wireless Charging Pad Office Pro', 'Office pro wireless charging pad', 34.99, 4.8, TRUE, '30278a61-2bda-4590-99b6-c96923751e92', '0adacf05-e2b1-465f-9e27-ffd4a92d8b4c'), 
('785438fd-af78-483a-86d7-e87357652879', 'Electric Toothbrush Whitening Pro Max', 'Whitening pro max electric toothbrush', 49.99, 4.9, TRUE, '4d95d2de-e0de-4e50-8fb1-5e940087cd15', '69baee9b-38b9-4002-8fcc-c35e3f6fb681'), 
('ce96691e-7727-412d-a83f-d046cd569045', 'Smart Smoke Detector Ultra', 'Ultra smart smoke detector', 69.99, 4.9, TRUE, 'eb471477-2d86-4b26-b34f-f57e5befa328', '21621d28-5c1a-462a-802a-643ed499b3ed'), 
('a47f5b5e-f33e-49f8-871e-65c25c8290ac', 'Wireless Charging Pad Multi Pro', 'Multi pro wireless charging pad', 39.99, 4.8, TRUE, '434fd64e-e27b-4762-a402-9467a309b227', '91cec3b8-cacd-4e57-8814-34a64de70978'), 
('278d60b6-55c8-4fd1-a5e1-fae30e0fccae', 'Electric Toothbrush Travel Pro Max', 'Travel pro max electric toothbrush', 39.99, 4.9, TRUE, 'ca5550ca-7bfb-4726-bf05-e97ba329ce91', 'fbeaa8a9-7488-433e-adbb-111bb5e0085e'), 
('80447102-cbeb-4715-ae62-7477313e66cb', 'Smart Home Hub Ultra', 'Ultra smart home hub', 129.99, 4.9, TRUE, '2262ecb0-90fb-4207-b421-e114063d6930', 'fbeaa8a9-7488-433e-adbb-111bb5e0085e'), 
('fa40fefe-e132-4a5b-a724-36ec6e2f2c76', 'Wireless Charging Pad Stand Pro', 'Stand pro wireless charging pad', 34.99, 4.8, TRUE, 'eb471477-2d86-4b26-b34f-f57e5befa328', '91cec3b8-cacd-4e57-8814-34a64de70978'), 
('853664c0-2da9-4276-92ff-3f0056ec5b31', 'Electric Toothbrush Holder Pro Max', 'Holder pro max for electric toothbrush', 14.99, 4.9, TRUE, '8cf65b66-bc04-4b3f-a6cc-b0b5eb9fb606', '0adacf05-e2b1-465f-9e27-ffd4a92d8b4c'), 
('dc75fe55-7229-4d72-8638-a18963aee5eb', 'Smart Water Bottle Ultra', 'Ultra smart water bottle', 49.99, 4.9, TRUE, '10547ef1-c380-412c-8285-c0b02b6ff56c', '6d694138-1d02-4b5e-a1b0-a4aec21deaf0'), 
('345bacc5-152d-446b-ba71-613e7e141ca7', 'Wireless Charging Pad Station Pro', 'Station pro wireless charging pad', 39.99, 4.8, TRUE, '876a68a0-3f35-4a1c-a1db-f61a8d91602a', 'c6c105cd-8bf3-4f5d-b6e5-6e966bb25f72'), 
('48f386ba-4126-4426-aed8-6bd907e16af5', 'Electric Toothbrush Charger Pro Max', 'Charger pro max for electric toothbrush', 19.99, 4.9, TRUE, '2262ecb0-90fb-4207-b421-e114063d6930', '0d756c5a-4687-47ff-a0fa-25f381692887'), 
('9bd6f4f8-e46e-486d-8a14-aa6e1859c2cc', 'Smart Air Purifier Ultra', 'Ultra smart air purifier', 199.99, 4.9, TRUE, '8f607dc9-1d3a-4d59-9579-c684034e587b', 'fbeaa8a9-7488-433e-adbb-111bb5e0085e'), 
('4a57186f-ca01-460d-9fb8-a01d34829e22', 'Wireless Charging Pad Dock Pro', 'Dock pro wireless charging pad', 44.99, 4.8, TRUE, '9c280d48-3119-4704-a155-8e0df44bab87', 'c6c105cd-8bf3-4f5d-b6e5-6e966bb25f72'), 
('0142576e-8696-4d92-97e2-3295d4c0a648', 'Electric Toothbrush Sanitizer Pro Max', 'Sanitizer pro max for electric toothbrush', 29.99, 4.9, TRUE, '5e65fe3d-1e2c-4de4-b99e-4801fa769723', '0adacf05-e2b1-465f-9e27-ffd4a92d8b4c'), 
('74b8d833-6b5d-474d-ae18-0f203bc5713b', 'Smart Coffee Maker Ultra', 'Ultra smart coffee maker', 149.99, 4.9, TRUE, '9dd14c16-342a-4069-932c-92318e0b82a9', '0d756c5a-4687-47ff-a0fa-25f381692887'), 
('f8ad640f-133d-4e4c-8e76-803bb7c13450', 'Wireless Charging Pad Mat Pro', 'Mat pro wireless charging pad', 39.99, 4.8, TRUE, '86a0f500-d05b-44ad-badc-fb6de62a6c4b', '91cec3b8-cacd-4e57-8814-34a64de70978'), 
('0cb9e7fc-f9e8-45ec-8dac-5d7c1b21bb54', 'Electric Toothbrush Replacement Pro Max', 'Replacement pro max electric toothbrush', 29.99, 4.9, TRUE, '295361d7-ec31-43b4-821b-ebd52e4246e8', 'c6c105cd-8bf3-4f5d-b6e5-6e966bb25f72'), 
('344c2bcb-4599-4ca6-bc77-58b455cbd243', 'Smart Refrigerator Ultra', 'Ultra smart refrigerator', 999.99, 4.9, TRUE, '375b2c0a-24e6-4be9-9da5-3ff407c2378a', '69baee9b-38b9-4002-8fcc-c35e3f6fb681'), 
('4925caf7-39ea-4440-8416-be4767fbe31d', 'Wireless Charging Pad Adapter Pro', 'Adapter pro wireless charging pad', 24.99, 4.8, TRUE, '10547ef1-c380-412c-8285-c0b02b6ff56c', 'd12e2ae5-aea9-4836-9899-cd1c27fe4463'), 
('e20ba0e3-a341-49e5-8934-db12bf50812b', 'Electric Toothbrush Heads Pro Max', 'Heads pro max for electric toothbrush', 34.99, 4.9, TRUE, 'e8031c74-7327-4d98-8061-c20cb0d53bfe', '0d756c5a-4687-47ff-a0fa-25f381692887'), 
('26d21cbd-b1ac-435f-97e1-510633e3c5ea', 'Smart Oven Ultra', 'Ultra smart oven', 699.99, 4.9, TRUE, '9dd14c16-342a-4069-932c-92318e0b82a9', 'd12e2ae5-aea9-4836-9899-cd1c27fe4463'), 
('bdf29ca7-7290-4a27-a54d-6a6e15a670a0', 'Wireless Charging Pad Receiver Pro', 'Receiver pro wireless charging pad', 19.99, 4.8, TRUE, '375b2c0a-24e6-4be9-9da5-3ff407c2378a', 'd12e2ae5-aea9-4836-9899-cd1c27fe4463'), 
('95b057a3-6e7e-408b-83f9-f40af2799267', 'Electric Toothbrush Travel Kit Pro Max', 'Travel kit pro max for electric toothbrush', 39.99, 4.9, TRUE, '30278a61-2bda-4590-99b6-c96923751e92', '21621d28-5c1a-462a-802a-643ed499b3ed'), 
('23c0378e-1f24-4673-b5cb-aef99dbe6137', 'Smart Washing Machine Ultra', 'Ultra smart washing machine', 899.99, 4.9, TRUE, 'ef1a48b3-960a-4c4e-b041-43b0f8bf997c', '3eafc338-d4b7-40ec-b469-d81b8cc7face'), 
('b2f75705-34b4-4239-a888-55aaa3ed387d', 'Wireless Charging Pad Car Ultra Pro', 'Car ultra pro wireless charging pad', 49.99, 4.8, TRUE, 'd9b9bb1a-155d-46bc-a1b6-1b506855f915', '3eafc338-d4b7-40ec-b469-d81b8cc7face'), 
('6f2440ae-cf84-4703-9714-4fbb33cc32c5', 'Electric Toothbrush Kids Deluxe Pro', 'Kids deluxe pro electric toothbrush', 29.99, 4.9, TRUE, '4d95d2de-e0de-4e50-8fb1-5e940087cd15', '0d756c5a-4687-47ff-a0fa-25f381692887'), 
('b04bee4d-033b-49dc-ad6b-44c4d08c2355', 'Smart Dishwasher Ultra', 'Ultra smart dishwasher', 799.99, 4.9, TRUE, 'ba1561cf-62a9-40d6-837b-dabe2c5ef51e', '0adacf05-e2b1-465f-9e27-ffd4a92d8b4c'), 
('4ee7c927-da26-4e4a-a727-9655a4518bf0', 'Wireless Charging Pad Power Bank Pro', 'Power bank pro wireless charging pad', 69.99, 4.9, TRUE, '86a0f500-d05b-44ad-badc-fb6de62a6c4b', '6d694138-1d02-4b5e-a1b0-a4aec21deaf0'), 
('ad6d35f2-eeb1-4393-a5b9-9d17f611c887', 'Electric Toothbrush Adult Pro Max', 'Adult pro max electric toothbrush', 39.99, 4.9, TRUE, '8f607dc9-1d3a-4d59-9579-c684034e587b', '69baee9b-38b9-4002-8fcc-c35e3f6fb681'), 
('2896e0f6-4d4c-48f4-835b-90a881fd4ec6', 'Smart Microwave Ultra', 'Ultra smart microwave', 299.99, 4.9, TRUE, '295361d7-ec31-43b4-821b-ebd52e4246e8', '6d694138-1d02-4b5e-a1b0-a4aec21deaf0'), 
('074479ce-c10e-4a7a-b1a4-8d732a14772c', 'Wireless Charging Pad Mini Ultra', 'Mini ultra wireless charging pad', 24.99, 4.8, TRUE, '748006b2-a97d-4585-9aaf-08dcca3394a8', '0adacf05-e2b1-465f-9e27-ffd4a92d8b4c'), 
('311aa79b-0851-4e51-bb6b-54cc635a1744', 'Electric Toothbrush Sensitive Deluxe Pro', 'Sensitive deluxe pro electric toothbrush', 44.99, 4.9, TRUE, '5e65fe3d-1e2c-4de4-b99e-4801fa769723', 'fbeaa8a9-7488-433e-adbb-111bb5e0085e'), 
('0d330219-90b8-430e-ab9d-e8d56cffea33', 'Smart Freezer Ultra', 'Ultra smart freezer', 699.99, 4.9, TRUE, '375b2c0a-24e6-4be9-9da5-3ff407c2378a', 'fbeaa8a9-7488-433e-adbb-111bb5e0085e'), 
('87c2d504-d121-4ead-97a8-eed41077b607', 'Wireless Charging Pad Duo Ultra', 'Duo ultra wireless charging pad', 39.99, 4.8, TRUE, '10547ef1-c380-412c-8285-c0b02b6ff56c', '0d756c5a-4687-47ff-a0fa-25f381692887'), 
('e3fc3e54-3737-40b8-beec-238f315a4182', 'Electric Toothbrush Whitening Deluxe Pro', 'Whitening deluxe pro electric toothbrush', 49.99, 4.9, TRUE, '496a4aab-aea0-4e3f-b1de-3c1bfb1fce25', '6d694138-1d02-4b5e-a1b0-a4aec21deaf0'), 
('240e0ba4-5432-4b99-858c-bcd4808e28d7', 'Smart Air Conditioner Ultra Pro', 'Ultra pro smart air conditioner', 599.99, 4.9, TRUE, '2262ecb0-90fb-4207-b421-e114063d6930', 'fbeaa8a9-7488-433e-adbb-111bb5e0085e');

-- ─────────────────────────────────────
-- Product Attributes
-- ─────────────────────────────────────
INSERT INTO product_attribute (product_id, attribute_id, value) VALUES ('50e5dc65-7751-4b1e-9a35-d441573e658f', '68ab9649-6f7a-4512-8feb-fd7f3fce28ec', 'Pink'), 
('50e5dc65-7751-4b1e-9a35-d441573e658f', '76406729-55a7-453b-81d3-c005cb5b0ebe', '100 lbs'), 
('50e5dc65-7751-4b1e-9a35-d441573e658f', 'f3575de5-b72f-466d-a2f0-7615dec686d6', 'TRUE'), 
('50e5dc65-7751-4b1e-9a35-d441573e658f', '3c665630-e6ed-4927-933a-394aabdb9790', 'Extra Large'), 
('a70d4f07-32f1-415c-b008-651d906c9c14', '68ab9649-6f7a-4512-8feb-fd7f3fce28ec', 'Magenta'), 
('a70d4f07-32f1-415c-b008-651d906c9c14', '76406729-55a7-453b-81d3-c005cb5b0ebe', '450 lbs'), 
('a70d4f07-32f1-415c-b008-651d906c9c14', 'f6d99980-6890-4c68-a6b3-cb36afa914ee', '3'), 
('cc2d7b79-575a-41f4-b3a1-5126af9705e8', '889f2019-9657-4327-bd81-e21acccdbe9f', '80x80x80 inches'), 
('cc2d7b79-575a-41f4-b3a1-5126af9705e8', 'f6d99980-6890-4c68-a6b3-cb36afa914ee', '24'), 
('cc2d7b79-575a-41f4-b3a1-5126af9705e8', '68ab9649-6f7a-4512-8feb-fd7f3fce28ec', 'Pink'), 
('14f5495c-c0c6-43d4-8c0f-cf3a7b582d40', '76406729-55a7-453b-81d3-c005cb5b0ebe', '250 lbs'), 
('14f5495c-c0c6-43d4-8c0f-cf3a7b582d40', '3c665630-e6ed-4927-933a-394aabdb9790', 'Small'), 
('14f5495c-c0c6-43d4-8c0f-cf3a7b582d40', '68ab9649-6f7a-4512-8feb-fd7f3fce28ec', 'Black'), 
('cee78966-bb8b-4350-9845-6bb0da5af697', 'f3575de5-b72f-466d-a2f0-7615dec686d6', 'TRUE'), 
('cee78966-bb8b-4350-9845-6bb0da5af697', '68ab9649-6f7a-4512-8feb-fd7f3fce28ec', 'Yellow'), 
('cee78966-bb8b-4350-9845-6bb0da5af697', '3c665630-e6ed-4927-933a-394aabdb9790', 'Small'), 
('cee78966-bb8b-4350-9845-6bb0da5af697', '889f2019-9657-4327-bd81-e21acccdbe9f', '20x20x20 inches'), 
('cee78966-bb8b-4350-9845-6bb0da5af697', '0dcf2127-2061-4298-8a28-ddf42630cb87', 'Glass'), 
('cee78966-bb8b-4350-9845-6bb0da5af697', 'f6d99980-6890-4c68-a6b3-cb36afa914ee', '24'), 
('cee78966-bb8b-4350-9845-6bb0da5af697', '76406729-55a7-453b-81d3-c005cb5b0ebe', '5 lbs'), 
('cdf3b9dc-0276-47f9-b189-b0f3a3bf4cff', '0dcf2127-2061-4298-8a28-ddf42630cb87', 'Ceramic'), 
('cdf3b9dc-0276-47f9-b189-b0f3a3bf4cff', '68ab9649-6f7a-4512-8feb-fd7f3fce28ec', 'Black'), 
('731fc9cb-d754-4398-84e5-66e54548d624', 'f6d99980-6890-4c68-a6b3-cb36afa914ee', '12'), 
('b353342d-3fa7-4589-8b35-4965958ef5fe', '889f2019-9657-4327-bd81-e21acccdbe9f', '60x60x60 inches'), 
('b353342d-3fa7-4589-8b35-4965958ef5fe', 'f6d99980-6890-4c68-a6b3-cb36afa914ee', '2'), 
('b353342d-3fa7-4589-8b35-4965958ef5fe', '0dcf2127-2061-4298-8a28-ddf42630cb87', 'Nylon'), 
('26d60e33-10d4-420d-a9c9-aecf63db51ab', '3c665630-e6ed-4927-933a-394aabdb9790', 'Small'), 
('26d60e33-10d4-420d-a9c9-aecf63db51ab', '0dcf2127-2061-4298-8a28-ddf42630cb87', 'Leather'), 
('70488e0c-1606-4ce0-b1f8-ba0bbb228353', '68ab9649-6f7a-4512-8feb-fd7f3fce28ec', 'Beige'), 
('70488e0c-1606-4ce0-b1f8-ba0bbb228353', '76406729-55a7-453b-81d3-c005cb5b0ebe', '100 lbs'), 
('70488e0c-1606-4ce0-b1f8-ba0bbb228353', 'f6d99980-6890-4c68-a6b3-cb36afa914ee', '6'), 
('70488e0c-1606-4ce0-b1f8-ba0bbb228353', 'f3575de5-b72f-466d-a2f0-7615dec686d6', 'TRUE'), 
('70488e0c-1606-4ce0-b1f8-ba0bbb228353', '0dcf2127-2061-4298-8a28-ddf42630cb87', 'Plastic'), 
('70488e0c-1606-4ce0-b1f8-ba0bbb228353', '889f2019-9657-4327-bd81-e21acccdbe9f', '65x65x65 inches'), 
('078a9d1c-6384-416a-9269-f8626fe642ab', 'f3575de5-b72f-466d-a2f0-7615dec686d6', 'TRUE'), 
('ad430783-50e1-4ffd-9629-1ce20313c900', 'f3575de5-b72f-466d-a2f0-7615dec686d6', 'TRUE'), 
('ad430783-50e1-4ffd-9629-1ce20313c900', 'f6d99980-6890-4c68-a6b3-cb36afa914ee', '3'), 
('ad430783-50e1-4ffd-9629-1ce20313c900', '0dcf2127-2061-4298-8a28-ddf42630cb87', 'Ceramic'), 
('ad430783-50e1-4ffd-9629-1ce20313c900', '68ab9649-6f7a-4512-8feb-fd7f3fce28ec', 'Black'), 
('ad430783-50e1-4ffd-9629-1ce20313c900', '76406729-55a7-453b-81d3-c005cb5b0ebe', '400 lbs'), 
('ad430783-50e1-4ffd-9629-1ce20313c900', '3c665630-e6ed-4927-933a-394aabdb9790', 'Medium'), 
('ad430783-50e1-4ffd-9629-1ce20313c900', '889f2019-9657-4327-bd81-e21acccdbe9f', '30x30x30 inches'), 
('4b29d3f7-82ea-47c3-beb8-00e38e592560', '76406729-55a7-453b-81d3-c005cb5b0ebe', '250 lbs'), 
('1d0feb55-39ad-423c-90e4-63b705482225', '0dcf2127-2061-4298-8a28-ddf42630cb87', 'Wood'), 
('1d0feb55-39ad-423c-90e4-63b705482225', 'f3575de5-b72f-466d-a2f0-7615dec686d6', 'TRUE'), 
('1d0feb55-39ad-423c-90e4-63b705482225', '68ab9649-6f7a-4512-8feb-fd7f3fce28ec', 'Green'), 
('1d0feb55-39ad-423c-90e4-63b705482225', '889f2019-9657-4327-bd81-e21acccdbe9f', '40x40x40 inches'), 
('1d0feb55-39ad-423c-90e4-63b705482225', '3c665630-e6ed-4927-933a-394aabdb9790', 'Extra Large'), 
('1d0feb55-39ad-423c-90e4-63b705482225', '76406729-55a7-453b-81d3-c005cb5b0ebe', '10 lbs'), 
('1d0feb55-39ad-423c-90e4-63b705482225', 'f6d99980-6890-4c68-a6b3-cb36afa914ee', '24'), 
('f9920c90-50df-475a-b792-20e46bb8d96c', '3c665630-e6ed-4927-933a-394aabdb9790', 'XXL'), 
('f9920c90-50df-475a-b792-20e46bb8d96c', '68ab9649-6f7a-4512-8feb-fd7f3fce28ec', 'Blue'), 
('406e4ac6-53a5-489d-813a-91ee52fe77e0', '0dcf2127-2061-4298-8a28-ddf42630cb87', 'Acrylic'), 
('406e4ac6-53a5-489d-813a-91ee52fe77e0', '68ab9649-6f7a-4512-8feb-fd7f3fce28ec', 'Red'), 
('406e4ac6-53a5-489d-813a-91ee52fe77e0', '3c665630-e6ed-4927-933a-394aabdb9790', 'Medium'), 
('56cfcafc-94e5-4f84-8c2b-249c5bd21dd9', '68ab9649-6f7a-4512-8feb-fd7f3fce28ec', 'Blue'), 
('56cfcafc-94e5-4f84-8c2b-249c5bd21dd9', 'f6d99980-6890-4c68-a6b3-cb36afa914ee', '24'), 
('56cfcafc-94e5-4f84-8c2b-249c5bd21dd9', '0dcf2127-2061-4298-8a28-ddf42630cb87', 'Ceramic'), 
('56cfcafc-94e5-4f84-8c2b-249c5bd21dd9', '889f2019-9657-4327-bd81-e21acccdbe9f', '150x150x150 inches'), 
('56cfcafc-94e5-4f84-8c2b-249c5bd21dd9', '3c665630-e6ed-4927-933a-394aabdb9790', 'Large'), 
('56cfcafc-94e5-4f84-8c2b-249c5bd21dd9', 'f3575de5-b72f-466d-a2f0-7615dec686d6', 'FALSE'), 
('56cfcafc-94e5-4f84-8c2b-249c5bd21dd9', '76406729-55a7-453b-81d3-c005cb5b0ebe', '350 lbs'), 
('388c83ac-c3b2-4b6e-8b3e-1c2d41a791d4', 'f6d99980-6890-4c68-a6b3-cb36afa914ee', '3'), 
('388c83ac-c3b2-4b6e-8b3e-1c2d41a791d4', '0dcf2127-2061-4298-8a28-ddf42630cb87', 'Canvas'), 
('388c83ac-c3b2-4b6e-8b3e-1c2d41a791d4', '889f2019-9657-4327-bd81-e21acccdbe9f', '95x95x95 inches'), 
('388c83ac-c3b2-4b6e-8b3e-1c2d41a791d4', '3c665630-e6ed-4927-933a-394aabdb9790', 'Medium'), 
('388c83ac-c3b2-4b6e-8b3e-1c2d41a791d4', '76406729-55a7-453b-81d3-c005cb5b0ebe', '50 lbs'), 
('388c83ac-c3b2-4b6e-8b3e-1c2d41a791d4', '68ab9649-6f7a-4512-8feb-fd7f3fce28ec', 'Beige'), 
('86a7e342-0cd0-46f3-b6f9-c2c24238a0ba', '889f2019-9657-4327-bd81-e21acccdbe9f', '110x110x110 inches'), 
('86a7e342-0cd0-46f3-b6f9-c2c24238a0ba', 'f3575de5-b72f-466d-a2f0-7615dec686d6', 'FALSE'), 
('86a7e342-0cd0-46f3-b6f9-c2c24238a0ba', '3c665630-e6ed-4927-933a-394aabdb9790', 'Large'), 
('86a7e342-0cd0-46f3-b6f9-c2c24238a0ba', '76406729-55a7-453b-81d3-c005cb5b0ebe', '2 lbs'), 
('86a7e342-0cd0-46f3-b6f9-c2c24238a0ba', '68ab9649-6f7a-4512-8feb-fd7f3fce28ec', 'Green'), 
('86a7e342-0cd0-46f3-b6f9-c2c24238a0ba', '0dcf2127-2061-4298-8a28-ddf42630cb87', 'Rubber'), 
('86a7e342-0cd0-46f3-b6f9-c2c24238a0ba', 'f6d99980-6890-4c68-a6b3-cb36afa914ee', '24'), 
('489fdcd0-3651-413c-a5c1-cfb57ea18f76', '0dcf2127-2061-4298-8a28-ddf42630cb87', 'Silk'), 
('489fdcd0-3651-413c-a5c1-cfb57ea18f76', '889f2019-9657-4327-bd81-e21acccdbe9f', '60x60x60 inches'), 
('489fdcd0-3651-413c-a5c1-cfb57ea18f76', '76406729-55a7-453b-81d3-c005cb5b0ebe', '300 lbs'), 
('489fdcd0-3651-413c-a5c1-cfb57ea18f76', '68ab9649-6f7a-4512-8feb-fd7f3fce28ec', 'Cyan'), 
('489fdcd0-3651-413c-a5c1-cfb57ea18f76', 'f3575de5-b72f-466d-a2f0-7615dec686d6', 'FALSE'), 
('4a155808-a45a-4344-9b4c-c41695b55d3e', '0dcf2127-2061-4298-8a28-ddf42630cb87', 'Wood'), 
('4a155808-a45a-4344-9b4c-c41695b55d3e', 'f6d99980-6890-4c68-a6b3-cb36afa914ee', '3'), 
('c6db0200-13ce-4f49-b6b2-48540919ce7a', '0dcf2127-2061-4298-8a28-ddf42630cb87', 'Velvet'), 
('c6db0200-13ce-4f49-b6b2-48540919ce7a', '76406729-55a7-453b-81d3-c005cb5b0ebe', '1000 lbs'), 
('c6db0200-13ce-4f49-b6b2-48540919ce7a', 'f6d99980-6890-4c68-a6b3-cb36afa914ee', '24'), 
('c6db0200-13ce-4f49-b6b2-48540919ce7a', 'f3575de5-b72f-466d-a2f0-7615dec686d6', 'FALSE'), 
('c93c1986-87f8-4b51-993f-2da626d69143', '0dcf2127-2061-4298-8a28-ddf42630cb87', 'Wool'), 
('c93c1986-87f8-4b51-993f-2da626d69143', '68ab9649-6f7a-4512-8feb-fd7f3fce28ec', 'Yellow'), 
('c93c1986-87f8-4b51-993f-2da626d69143', '3c665630-e6ed-4927-933a-394aabdb9790', 'Medium'), 
('c93c1986-87f8-4b51-993f-2da626d69143', '76406729-55a7-453b-81d3-c005cb5b0ebe', '15 lbs'), 
('c93c1986-87f8-4b51-993f-2da626d69143', '889f2019-9657-4327-bd81-e21acccdbe9f', '150x150x150 inches'), 
('8c702093-6c93-4c98-8419-84a630d414bf', '3c665630-e6ed-4927-933a-394aabdb9790', 'Large'), 
('8c702093-6c93-4c98-8419-84a630d414bf', '76406729-55a7-453b-81d3-c005cb5b0ebe', '25 lbs'), 
('8c702093-6c93-4c98-8419-84a630d414bf', '889f2019-9657-4327-bd81-e21acccdbe9f', '125x125x125 inches'), 
('015126b8-c062-4469-8ef1-eb2f01752c25', '889f2019-9657-4327-bd81-e21acccdbe9f', '115x115x115 inches'), 
('015126b8-c062-4469-8ef1-eb2f01752c25', '3c665630-e6ed-4927-933a-394aabdb9790', 'Large'), 
('015126b8-c062-4469-8ef1-eb2f01752c25', '0dcf2127-2061-4298-8a28-ddf42630cb87', 'Spandex'), 
('015126b8-c062-4469-8ef1-eb2f01752c25', '68ab9649-6f7a-4512-8feb-fd7f3fce28ec', 'Red'), 
('015126b8-c062-4469-8ef1-eb2f01752c25', '76406729-55a7-453b-81d3-c005cb5b0ebe', '2 lbs'), 
('015126b8-c062-4469-8ef1-eb2f01752c25', 'f6d99980-6890-4c68-a6b3-cb36afa914ee', '6'), 
('015126b8-c062-4469-8ef1-eb2f01752c25', 'f3575de5-b72f-466d-a2f0-7615dec686d6', 'TRUE'), 
('eb1adf57-444f-4bca-a775-fdc022b46fcb', 'f6d99980-6890-4c68-a6b3-cb36afa914ee', '1'), 
('840e27bb-9eae-43d6-a90b-23311e1df924', 'f3575de5-b72f-466d-a2f0-7615dec686d6', 'TRUE'), 
('840e27bb-9eae-43d6-a90b-23311e1df924', '76406729-55a7-453b-81d3-c005cb5b0ebe', '450 lbs'), 
('840e27bb-9eae-43d6-a90b-23311e1df924', 'f6d99980-6890-4c68-a6b3-cb36afa914ee', '2'), 
('728ca2b6-3bc5-4b05-88f5-b75c5be86705', '3c665630-e6ed-4927-933a-394aabdb9790', 'Small'), 
('728ca2b6-3bc5-4b05-88f5-b75c5be86705', 'f6d99980-6890-4c68-a6b3-cb36afa914ee', '12'), 
('728ca2b6-3bc5-4b05-88f5-b75c5be86705', '68ab9649-6f7a-4512-8feb-fd7f3fce28ec', 'Green'), 
('ef8096e6-7def-4bcf-8895-1ce5e1011688', 'f6d99980-6890-4c68-a6b3-cb36afa914ee', '24'), 
('ef8096e6-7def-4bcf-8895-1ce5e1011688', '3c665630-e6ed-4927-933a-394aabdb9790', 'Extra Large'), 
('ef8096e6-7def-4bcf-8895-1ce5e1011688', '76406729-55a7-453b-81d3-c005cb5b0ebe', '1 lb'), 
('ef8096e6-7def-4bcf-8895-1ce5e1011688', '889f2019-9657-4327-bd81-e21acccdbe9f', '130x130x130 inches'), 
('ef8096e6-7def-4bcf-8895-1ce5e1011688', '68ab9649-6f7a-4512-8feb-fd7f3fce28ec', 'Beige'), 
('9f8e67e1-6629-4c00-ba14-1859bb8d7f75', '3c665630-e6ed-4927-933a-394aabdb9790', 'XXL'), 
('9f8e67e1-6629-4c00-ba14-1859bb8d7f75', '889f2019-9657-4327-bd81-e21acccdbe9f', '40x40x40 inches'), 
('9f8e67e1-6629-4c00-ba14-1859bb8d7f75', '0dcf2127-2061-4298-8a28-ddf42630cb87', 'Leather'), 
('9f8e67e1-6629-4c00-ba14-1859bb8d7f75', 'f3575de5-b72f-466d-a2f0-7615dec686d6', 'FALSE'), 
('f17898eb-f8af-4d07-9bf1-ba60c79001ee', '3c665630-e6ed-4927-933a-394aabdb9790', 'Small'), 
('f17898eb-f8af-4d07-9bf1-ba60c79001ee', '76406729-55a7-453b-81d3-c005cb5b0ebe', '400 lbs'), 
('f17898eb-f8af-4d07-9bf1-ba60c79001ee', '68ab9649-6f7a-4512-8feb-fd7f3fce28ec', 'Orange'), 
('f17898eb-f8af-4d07-9bf1-ba60c79001ee', 'f3575de5-b72f-466d-a2f0-7615dec686d6', 'TRUE'), 
('f17898eb-f8af-4d07-9bf1-ba60c79001ee', '889f2019-9657-4327-bd81-e21acccdbe9f', '70x70x70 inches'), 
('f17898eb-f8af-4d07-9bf1-ba60c79001ee', 'f6d99980-6890-4c68-a6b3-cb36afa914ee', '12'), 
('f17898eb-f8af-4d07-9bf1-ba60c79001ee', '0dcf2127-2061-4298-8a28-ddf42630cb87', 'Spandex'), 
('1f6ad630-8a71-4bff-b26b-4019f484e44e', '0dcf2127-2061-4298-8a28-ddf42630cb87', 'Nylon'), 
('1f6ad630-8a71-4bff-b26b-4019f484e44e', '889f2019-9657-4327-bd81-e21acccdbe9f', '85x85x85 inches'), 
('1f6ad630-8a71-4bff-b26b-4019f484e44e', '68ab9649-6f7a-4512-8feb-fd7f3fce28ec', 'Beige'), 
('1f6ad630-8a71-4bff-b26b-4019f484e44e', '3c665630-e6ed-4927-933a-394aabdb9790', 'Extra Large'), 
('2174351f-13f1-4510-b092-9dca9193234b', '889f2019-9657-4327-bd81-e21acccdbe9f', '35x35x35 inches'), 
('2174351f-13f1-4510-b092-9dca9193234b', '68ab9649-6f7a-4512-8feb-fd7f3fce28ec', 'Yellow'), 
('2174351f-13f1-4510-b092-9dca9193234b', '76406729-55a7-453b-81d3-c005cb5b0ebe', '350 lbs'), 
('2174351f-13f1-4510-b092-9dca9193234b', '3c665630-e6ed-4927-933a-394aabdb9790', 'XXL'), 
('2174351f-13f1-4510-b092-9dca9193234b', 'f6d99980-6890-4c68-a6b3-cb36afa914ee', '2'), 
('2174351f-13f1-4510-b092-9dca9193234b', 'f3575de5-b72f-466d-a2f0-7615dec686d6', 'TRUE'), 
('2174351f-13f1-4510-b092-9dca9193234b', '0dcf2127-2061-4298-8a28-ddf42630cb87', 'Wool'), 
('f776c722-b5d0-42d3-aae1-aba1dedec3c4', '68ab9649-6f7a-4512-8feb-fd7f3fce28ec', 'Brown'), 
('f776c722-b5d0-42d3-aae1-aba1dedec3c4', 'f3575de5-b72f-466d-a2f0-7615dec686d6', 'FALSE'), 
('f4d6de43-ff29-4b66-8595-9e3578f22edf', '0dcf2127-2061-4298-8a28-ddf42630cb87', 'Leather'), 
('f4d6de43-ff29-4b66-8595-9e3578f22edf', '889f2019-9657-4327-bd81-e21acccdbe9f', '140x140x140 inches'), 
('f4d6de43-ff29-4b66-8595-9e3578f22edf', 'f6d99980-6890-4c68-a6b3-cb36afa914ee', '6'), 
('f4d6de43-ff29-4b66-8595-9e3578f22edf', '3c665630-e6ed-4927-933a-394aabdb9790', 'Extra Large'), 
('f4d6de43-ff29-4b66-8595-9e3578f22edf', '76406729-55a7-453b-81d3-c005cb5b0ebe', '20 lbs'), 
('f4d6de43-ff29-4b66-8595-9e3578f22edf', 'f3575de5-b72f-466d-a2f0-7615dec686d6', 'FALSE'), 
('f4d6de43-ff29-4b66-8595-9e3578f22edf', '68ab9649-6f7a-4512-8feb-fd7f3fce28ec', 'Green'), 
('d64d97ea-961f-4624-930a-ec2db8a15548', '889f2019-9657-4327-bd81-e21acccdbe9f', '70x70x70 inches'), 
('d64d97ea-961f-4624-930a-ec2db8a15548', '76406729-55a7-453b-81d3-c005cb5b0ebe', '350 lbs'), 
('d64d97ea-961f-4624-930a-ec2db8a15548', '3c665630-e6ed-4927-933a-394aabdb9790', 'Small'), 
('d64d97ea-961f-4624-930a-ec2db8a15548', '0dcf2127-2061-4298-8a28-ddf42630cb87', 'Nylon'), 
('d64d97ea-961f-4624-930a-ec2db8a15548', 'f3575de5-b72f-466d-a2f0-7615dec686d6', 'TRUE'), 
('d64d97ea-961f-4624-930a-ec2db8a15548', 'f6d99980-6890-4c68-a6b3-cb36afa914ee', '3'), 
('4363f142-557e-41d7-b058-2399205b7116', 'f6d99980-6890-4c68-a6b3-cb36afa914ee', '6'), 
('49f280e6-34d2-40de-8265-27bc5e59499a', '76406729-55a7-453b-81d3-c005cb5b0ebe', '20 lbs'), 
('49f280e6-34d2-40de-8265-27bc5e59499a', 'f6d99980-6890-4c68-a6b3-cb36afa914ee', '12'), 
('49f280e6-34d2-40de-8265-27bc5e59499a', '889f2019-9657-4327-bd81-e21acccdbe9f', '35x35x35 inches'), 
('49f280e6-34d2-40de-8265-27bc5e59499a', 'f3575de5-b72f-466d-a2f0-7615dec686d6', 'FALSE'), 
('49f280e6-34d2-40de-8265-27bc5e59499a', '0dcf2127-2061-4298-8a28-ddf42630cb87', 'Denim'), 
('49f280e6-34d2-40de-8265-27bc5e59499a', '3c665630-e6ed-4927-933a-394aabdb9790', 'Extra Large'), 
('49f280e6-34d2-40de-8265-27bc5e59499a', '68ab9649-6f7a-4512-8feb-fd7f3fce28ec', 'Pink'), 
('2deb636c-403f-438c-a4e6-60445e1ce034', 'f3575de5-b72f-466d-a2f0-7615dec686d6', 'TRUE'), 
('2deb636c-403f-438c-a4e6-60445e1ce034', '889f2019-9657-4327-bd81-e21acccdbe9f', '70x70x70 inches'), 
('2deb636c-403f-438c-a4e6-60445e1ce034', '0dcf2127-2061-4298-8a28-ddf42630cb87', 'Metal'), 
('2deb636c-403f-438c-a4e6-60445e1ce034', 'f6d99980-6890-4c68-a6b3-cb36afa914ee', '2'), 
('2deb636c-403f-438c-a4e6-60445e1ce034', '3c665630-e6ed-4927-933a-394aabdb9790', 'Large'), 
('2deb636c-403f-438c-a4e6-60445e1ce034', '76406729-55a7-453b-81d3-c005cb5b0ebe', '5 lbs'), 
('0f126849-b830-463b-b5cb-ec4495b860dd', '0dcf2127-2061-4298-8a28-ddf42630cb87', 'Ceramic'), 
('0f126849-b830-463b-b5cb-ec4495b860dd', 'f3575de5-b72f-466d-a2f0-7615dec686d6', 'FALSE'), 
('0f126849-b830-463b-b5cb-ec4495b860dd', '68ab9649-6f7a-4512-8feb-fd7f3fce28ec', 'Purple'), 
('0f126849-b830-463b-b5cb-ec4495b860dd', '76406729-55a7-453b-81d3-c005cb5b0ebe', '400 lbs'), 
('0f126849-b830-463b-b5cb-ec4495b860dd', 'f6d99980-6890-4c68-a6b3-cb36afa914ee', '2'), 
('2631d2ca-d45d-4bea-ba80-dd3a8cea44aa', 'f3575de5-b72f-466d-a2f0-7615dec686d6', 'FALSE'), 
('2631d2ca-d45d-4bea-ba80-dd3a8cea44aa', '889f2019-9657-4327-bd81-e21acccdbe9f', '15x15x15 inches'), 
('2631d2ca-d45d-4bea-ba80-dd3a8cea44aa', '3c665630-e6ed-4927-933a-394aabdb9790', 'Medium'), 
('2631d2ca-d45d-4bea-ba80-dd3a8cea44aa', '76406729-55a7-453b-81d3-c005cb5b0ebe', '400 lbs'), 
('3341e802-8a0f-4aab-8703-a0ba1b8624bb', '0dcf2127-2061-4298-8a28-ddf42630cb87', 'Denim'), 
('3341e802-8a0f-4aab-8703-a0ba1b8624bb', '76406729-55a7-453b-81d3-c005cb5b0ebe', '15 lbs'), 
('3341e802-8a0f-4aab-8703-a0ba1b8624bb', 'f3575de5-b72f-466d-a2f0-7615dec686d6', 'FALSE'), 
('3341e802-8a0f-4aab-8703-a0ba1b8624bb', '68ab9649-6f7a-4512-8feb-fd7f3fce28ec', 'White'), 
('3341e802-8a0f-4aab-8703-a0ba1b8624bb', '889f2019-9657-4327-bd81-e21acccdbe9f', '110x110x110 inches'), 
('3341e802-8a0f-4aab-8703-a0ba1b8624bb', 'f6d99980-6890-4c68-a6b3-cb36afa914ee', '3'), 
('3341e802-8a0f-4aab-8703-a0ba1b8624bb', '3c665630-e6ed-4927-933a-394aabdb9790', 'Medium'), 
('0d3e46d0-0379-4087-8a8f-7d9edfdd48e6', '889f2019-9657-4327-bd81-e21acccdbe9f', '95x95x95 inches'), 
('0d3e46d0-0379-4087-8a8f-7d9edfdd48e6', 'f6d99980-6890-4c68-a6b3-cb36afa914ee', '1'), 
('0d3e46d0-0379-4087-8a8f-7d9edfdd48e6', '68ab9649-6f7a-4512-8feb-fd7f3fce28ec', 'Blue'), 
('0d3e46d0-0379-4087-8a8f-7d9edfdd48e6', '0dcf2127-2061-4298-8a28-ddf42630cb87', 'Leather'), 
('13cbe86d-7d68-461a-ad3c-baaf3a4e1af2', 'f6d99980-6890-4c68-a6b3-cb36afa914ee', '1'), 
('13cbe86d-7d68-461a-ad3c-baaf3a4e1af2', '889f2019-9657-4327-bd81-e21acccdbe9f', '130x130x130 inches'), 
('13cbe86d-7d68-461a-ad3c-baaf3a4e1af2', '3c665630-e6ed-4927-933a-394aabdb9790', 'Small'), 
('13cbe86d-7d68-461a-ad3c-baaf3a4e1af2', '68ab9649-6f7a-4512-8feb-fd7f3fce28ec', 'Brown'), 
('13cbe86d-7d68-461a-ad3c-baaf3a4e1af2', 'f3575de5-b72f-466d-a2f0-7615dec686d6', 'TRUE'), 
('13cbe86d-7d68-461a-ad3c-baaf3a4e1af2', '0dcf2127-2061-4298-8a28-ddf42630cb87', 'Silk'), 
('e62329c5-f812-4f88-b618-4cd917c2634b', '0dcf2127-2061-4298-8a28-ddf42630cb87', 'Polyester'), 
('e62329c5-f812-4f88-b618-4cd917c2634b', '3c665630-e6ed-4927-933a-394aabdb9790', 'Extra Large'), 
('e62329c5-f812-4f88-b618-4cd917c2634b', '68ab9649-6f7a-4512-8feb-fd7f3fce28ec', 'Magenta'), 
('e62329c5-f812-4f88-b618-4cd917c2634b', 'f3575de5-b72f-466d-a2f0-7615dec686d6', 'FALSE'), 
('3c755071-643a-4c0a-a61f-166c2a4c841f', '3c665630-e6ed-4927-933a-394aabdb9790', 'Medium'), 
('3c755071-643a-4c0a-a61f-166c2a4c841f', '76406729-55a7-453b-81d3-c005cb5b0ebe', '2 lbs'), 
('dbc7fb42-d5a0-4a89-8add-2ed36d7f1145', '76406729-55a7-453b-81d3-c005cb5b0ebe', '400 lbs'), 
('dbc7fb42-d5a0-4a89-8add-2ed36d7f1145', '3c665630-e6ed-4927-933a-394aabdb9790', 'Large'), 
('dbc7fb42-d5a0-4a89-8add-2ed36d7f1145', '68ab9649-6f7a-4512-8feb-fd7f3fce28ec', 'Red'), 
('dbc7fb42-d5a0-4a89-8add-2ed36d7f1145', '889f2019-9657-4327-bd81-e21acccdbe9f', '45x45x45 inches'), 
('dbc7fb42-d5a0-4a89-8add-2ed36d7f1145', '0dcf2127-2061-4298-8a28-ddf42630cb87', 'Linen'), 
('a280e8ca-5d65-4fea-955d-e1109d5e9614', '3c665630-e6ed-4927-933a-394aabdb9790', 'Extra Large'), 
('baf1c71e-88b7-481e-af26-0776e29cad6a', '3c665630-e6ed-4927-933a-394aabdb9790', 'Medium'), 
('baf1c71e-88b7-481e-af26-0776e29cad6a', 'f6d99980-6890-4c68-a6b3-cb36afa914ee', '24'), 
('baf1c71e-88b7-481e-af26-0776e29cad6a', '68ab9649-6f7a-4512-8feb-fd7f3fce28ec', 'Red'), 
('baf1c71e-88b7-481e-af26-0776e29cad6a', '0dcf2127-2061-4298-8a28-ddf42630cb87', 'Canvas'), 
('dd8fd76b-4a40-4347-8630-02c4147decdb', '76406729-55a7-453b-81d3-c005cb5b0ebe', '450 lbs'), 
('dd8fd76b-4a40-4347-8630-02c4147decdb', '3c665630-e6ed-4927-933a-394aabdb9790', 'Large'), 
('dd8fd76b-4a40-4347-8630-02c4147decdb', '889f2019-9657-4327-bd81-e21acccdbe9f', '5x5x5 inches'), 
('dd8fd76b-4a40-4347-8630-02c4147decdb', 'f3575de5-b72f-466d-a2f0-7615dec686d6', 'FALSE'), 
('dd8fd76b-4a40-4347-8630-02c4147decdb', '68ab9649-6f7a-4512-8feb-fd7f3fce28ec', 'Purple'), 
('dd8fd76b-4a40-4347-8630-02c4147decdb', 'f6d99980-6890-4c68-a6b3-cb36afa914ee', '24'), 
('7bb1c66e-5884-4544-b073-bd205830371a', '76406729-55a7-453b-81d3-c005cb5b0ebe', '300 lbs'), 
('7bb1c66e-5884-4544-b073-bd205830371a', 'f3575de5-b72f-466d-a2f0-7615dec686d6', 'TRUE'), 
('f82b3aff-5a0b-4f6a-b34e-3e64166496ac', '68ab9649-6f7a-4512-8feb-fd7f3fce28ec', 'Orange'), 
('72d9d044-0638-4fbf-a063-ab8c35b7fcc7', '68ab9649-6f7a-4512-8feb-fd7f3fce28ec', 'Cyan'), 
('72d9d044-0638-4fbf-a063-ab8c35b7fcc7', 'f3575de5-b72f-466d-a2f0-7615dec686d6', 'TRUE'), 
('72d9d044-0638-4fbf-a063-ab8c35b7fcc7', 'f6d99980-6890-4c68-a6b3-cb36afa914ee', '6'), 
('72d9d044-0638-4fbf-a063-ab8c35b7fcc7', '76406729-55a7-453b-81d3-c005cb5b0ebe', '25 lbs'), 
('63849f2c-2dc4-4c1a-8642-597b9cbb395b', 'f6d99980-6890-4c68-a6b3-cb36afa914ee', '6'), 
('63849f2c-2dc4-4c1a-8642-597b9cbb395b', '76406729-55a7-453b-81d3-c005cb5b0ebe', '75 lbs'), 
('63849f2c-2dc4-4c1a-8642-597b9cbb395b', 'f3575de5-b72f-466d-a2f0-7615dec686d6', 'FALSE'), 
('63849f2c-2dc4-4c1a-8642-597b9cbb395b', '68ab9649-6f7a-4512-8feb-fd7f3fce28ec', 'Black'), 
('d4144509-29da-4955-8d28-7efc8e1f8b3f', '0dcf2127-2061-4298-8a28-ddf42630cb87', 'Metal'), 
('d4144509-29da-4955-8d28-7efc8e1f8b3f', 'f6d99980-6890-4c68-a6b3-cb36afa914ee', '12'), 
('5632d89e-3585-4759-ad92-4ca5332fb8d3', '76406729-55a7-453b-81d3-c005cb5b0ebe', '300 lbs'), 
('5632d89e-3585-4759-ad92-4ca5332fb8d3', '0dcf2127-2061-4298-8a28-ddf42630cb87', 'Wool'), 
('5632d89e-3585-4759-ad92-4ca5332fb8d3', '68ab9649-6f7a-4512-8feb-fd7f3fce28ec', 'Yellow'), 
('c529e01e-bf19-4765-b2f6-bafc4367fd3c', '0dcf2127-2061-4298-8a28-ddf42630cb87', 'Silk'), 
('c529e01e-bf19-4765-b2f6-bafc4367fd3c', 'f3575de5-b72f-466d-a2f0-7615dec686d6', 'TRUE'), 
('c529e01e-bf19-4765-b2f6-bafc4367fd3c', '3c665630-e6ed-4927-933a-394aabdb9790', 'XXL'), 
('c529e01e-bf19-4765-b2f6-bafc4367fd3c', '76406729-55a7-453b-81d3-c005cb5b0ebe', '2 lbs'), 
('a9966e31-fad4-4151-8e38-b45d65d4097e', 'f3575de5-b72f-466d-a2f0-7615dec686d6', 'TRUE'), 
('edddb03e-d601-41d7-9105-6c384e04b718', 'f3575de5-b72f-466d-a2f0-7615dec686d6', 'TRUE'), 
('edddb03e-d601-41d7-9105-6c384e04b718', '76406729-55a7-453b-81d3-c005cb5b0ebe', '30 lbs'), 
('edddb03e-d601-41d7-9105-6c384e04b718', '68ab9649-6f7a-4512-8feb-fd7f3fce28ec', 'Purple'), 
('edddb03e-d601-41d7-9105-6c384e04b718', '3c665630-e6ed-4927-933a-394aabdb9790', 'Medium'), 
('edddb03e-d601-41d7-9105-6c384e04b718', '0dcf2127-2061-4298-8a28-ddf42630cb87', 'Paper'), 
('82ba7544-5019-4bc0-b336-f430fb9c46bd', 'f3575de5-b72f-466d-a2f0-7615dec686d6', 'FALSE'), 
('82ba7544-5019-4bc0-b336-f430fb9c46bd', '76406729-55a7-453b-81d3-c005cb5b0ebe', '30 lbs'), 
('82ba7544-5019-4bc0-b336-f430fb9c46bd', '3c665630-e6ed-4927-933a-394aabdb9790', 'Medium'), 
('82ba7544-5019-4bc0-b336-f430fb9c46bd', '889f2019-9657-4327-bd81-e21acccdbe9f', '105x105x105 inches'), 
('52192d19-9511-4506-a6de-2c20e1cb086d', '68ab9649-6f7a-4512-8feb-fd7f3fce28ec', 'Purple'), 
('52192d19-9511-4506-a6de-2c20e1cb086d', 'f6d99980-6890-4c68-a6b3-cb36afa914ee', '12'), 
('cc9d80b6-38bc-4306-9d73-7696f95c76de', '76406729-55a7-453b-81d3-c005cb5b0ebe', '15 lbs'), 
('cc9d80b6-38bc-4306-9d73-7696f95c76de', 'f6d99980-6890-4c68-a6b3-cb36afa914ee', '2'), 
('cc9d80b6-38bc-4306-9d73-7696f95c76de', '68ab9649-6f7a-4512-8feb-fd7f3fce28ec', 'Purple'), 
('cc9d80b6-38bc-4306-9d73-7696f95c76de', '3c665630-e6ed-4927-933a-394aabdb9790', 'Small'), 
('cc9d80b6-38bc-4306-9d73-7696f95c76de', '0dcf2127-2061-4298-8a28-ddf42630cb87', 'Bamboo'), 
('0329d822-3a54-4c8f-abd8-f6ea98d57c62', 'f6d99980-6890-4c68-a6b3-cb36afa914ee', '12'), 
('aa01869f-3ec1-40b3-9284-7c03e642ecb7', 'f6d99980-6890-4c68-a6b3-cb36afa914ee', '1'), 
('07b85eb6-bb14-45a4-a07a-bd72bebc42c4', 'f6d99980-6890-4c68-a6b3-cb36afa914ee', '6'), 
('07b85eb6-bb14-45a4-a07a-bd72bebc42c4', '3c665630-e6ed-4927-933a-394aabdb9790', 'XXL'), 
('07b85eb6-bb14-45a4-a07a-bd72bebc42c4', '889f2019-9657-4327-bd81-e21acccdbe9f', '15x15x15 inches'), 
('07b85eb6-bb14-45a4-a07a-bd72bebc42c4', '68ab9649-6f7a-4512-8feb-fd7f3fce28ec', 'Orange'), 
('59a2f28a-96b2-4917-9f23-85974af81406', '68ab9649-6f7a-4512-8feb-fd7f3fce28ec', 'Beige'), 
('7fcdefdb-14a3-4791-a0bc-946d6982c35c', '889f2019-9657-4327-bd81-e21acccdbe9f', '40x40x40 inches'), 
('7fcdefdb-14a3-4791-a0bc-946d6982c35c', '76406729-55a7-453b-81d3-c005cb5b0ebe', '350 lbs'), 
('7fcdefdb-14a3-4791-a0bc-946d6982c35c', 'f3575de5-b72f-466d-a2f0-7615dec686d6', 'TRUE'), 
('7fcdefdb-14a3-4791-a0bc-946d6982c35c', '68ab9649-6f7a-4512-8feb-fd7f3fce28ec', 'Orange'), 
('d1feb6fc-efbc-414e-868c-ad7df83df8a8', '0dcf2127-2061-4298-8a28-ddf42630cb87', 'Leather'), 
('d1feb6fc-efbc-414e-868c-ad7df83df8a8', 'f6d99980-6890-4c68-a6b3-cb36afa914ee', '12'), 
('d1feb6fc-efbc-414e-868c-ad7df83df8a8', '889f2019-9657-4327-bd81-e21acccdbe9f', '25x25x25 inches'), 
('d1feb6fc-efbc-414e-868c-ad7df83df8a8', '3c665630-e6ed-4927-933a-394aabdb9790', 'XXL'), 
('ff272476-f6ae-4943-b6ce-29318896940d', '0dcf2127-2061-4298-8a28-ddf42630cb87', 'Silk'), 
('f6ba4415-fa96-4fa5-87ef-92c897043320', '68ab9649-6f7a-4512-8feb-fd7f3fce28ec', 'Black'), 
('983ccec6-cbf3-4b75-be32-f088e4683b8b', '68ab9649-6f7a-4512-8feb-fd7f3fce28ec', 'Purple'), 
('983ccec6-cbf3-4b75-be32-f088e4683b8b', '0dcf2127-2061-4298-8a28-ddf42630cb87', 'Paper'), 
('983ccec6-cbf3-4b75-be32-f088e4683b8b', '3c665630-e6ed-4927-933a-394aabdb9790', 'Large'), 
('27ca2670-15db-496f-9fc7-b5fec19833f8', '76406729-55a7-453b-81d3-c005cb5b0ebe', '150 lbs'), 
('27ca2670-15db-496f-9fc7-b5fec19833f8', 'f6d99980-6890-4c68-a6b3-cb36afa914ee', '3'), 
('27ca2670-15db-496f-9fc7-b5fec19833f8', '68ab9649-6f7a-4512-8feb-fd7f3fce28ec', 'Beige'), 
('27ca2670-15db-496f-9fc7-b5fec19833f8', '3c665630-e6ed-4927-933a-394aabdb9790', 'Large'), 
('ccd878f1-908a-464f-82c6-7c4edafbac46', 'f3575de5-b72f-466d-a2f0-7615dec686d6', 'FALSE'), 
('ccd878f1-908a-464f-82c6-7c4edafbac46', 'f6d99980-6890-4c68-a6b3-cb36afa914ee', '12'), 
('ccd878f1-908a-464f-82c6-7c4edafbac46', '3c665630-e6ed-4927-933a-394aabdb9790', 'Large'), 
('ccd878f1-908a-464f-82c6-7c4edafbac46', '68ab9649-6f7a-4512-8feb-fd7f3fce28ec', 'Gray'), 
('ccd878f1-908a-464f-82c6-7c4edafbac46', '889f2019-9657-4327-bd81-e21acccdbe9f', '10x10x10 inches'), 
('ccd878f1-908a-464f-82c6-7c4edafbac46', '76406729-55a7-453b-81d3-c005cb5b0ebe', '1 lb'), 
('e4998ae1-095f-4e44-825b-5bd1c2e386f0', '76406729-55a7-453b-81d3-c005cb5b0ebe', '200 lbs'), 
('e4998ae1-095f-4e44-825b-5bd1c2e386f0', '3c665630-e6ed-4927-933a-394aabdb9790', 'Large'), 
('e4998ae1-095f-4e44-825b-5bd1c2e386f0', '889f2019-9657-4327-bd81-e21acccdbe9f', '60x60x60 inches'), 
('5c4b65f4-563c-4000-ae6b-1b4de02dc2f0', 'f6d99980-6890-4c68-a6b3-cb36afa914ee', '6'), 
('5c4b65f4-563c-4000-ae6b-1b4de02dc2f0', '0dcf2127-2061-4298-8a28-ddf42630cb87', 'Canvas'), 
('5c4b65f4-563c-4000-ae6b-1b4de02dc2f0', '889f2019-9657-4327-bd81-e21acccdbe9f', '135x135x135 inches'), 
('5c4b65f4-563c-4000-ae6b-1b4de02dc2f0', '3c665630-e6ed-4927-933a-394aabdb9790', 'Small'), 
('5c4b65f4-563c-4000-ae6b-1b4de02dc2f0', 'f3575de5-b72f-466d-a2f0-7615dec686d6', 'TRUE'), 
('e35293c7-828d-4b8b-b1c2-9ba180b1cf94', '3c665630-e6ed-4927-933a-394aabdb9790', 'Small'), 
('e35293c7-828d-4b8b-b1c2-9ba180b1cf94', '889f2019-9657-4327-bd81-e21acccdbe9f', '130x130x130 inches'), 
('c4f70d24-d2c7-4683-99fc-7a37960b0403', '0dcf2127-2061-4298-8a28-ddf42630cb87', 'Silk'), 
('c4f70d24-d2c7-4683-99fc-7a37960b0403', 'f6d99980-6890-4c68-a6b3-cb36afa914ee', '1'), 
('c4f70d24-d2c7-4683-99fc-7a37960b0403', 'f3575de5-b72f-466d-a2f0-7615dec686d6', 'TRUE'), 
('5672dda4-2107-41c5-839b-444a3696f20b', '0dcf2127-2061-4298-8a28-ddf42630cb87', 'Silk'), 
('5672dda4-2107-41c5-839b-444a3696f20b', '76406729-55a7-453b-81d3-c005cb5b0ebe', '30 lbs'), 
('5672dda4-2107-41c5-839b-444a3696f20b', '3c665630-e6ed-4927-933a-394aabdb9790', 'Medium'), 
('5672dda4-2107-41c5-839b-444a3696f20b', '889f2019-9657-4327-bd81-e21acccdbe9f', '20x20x20 inches'), 
('5672dda4-2107-41c5-839b-444a3696f20b', '68ab9649-6f7a-4512-8feb-fd7f3fce28ec', 'Blue'), 
('5672dda4-2107-41c5-839b-444a3696f20b', 'f6d99980-6890-4c68-a6b3-cb36afa914ee', '2'), 
('5672dda4-2107-41c5-839b-444a3696f20b', 'f3575de5-b72f-466d-a2f0-7615dec686d6', 'FALSE'), 
('e686a513-ef10-4c77-88c9-ee5bb15423b9', 'f6d99980-6890-4c68-a6b3-cb36afa914ee', '6'), 
('e686a513-ef10-4c77-88c9-ee5bb15423b9', '889f2019-9657-4327-bd81-e21acccdbe9f', '145x145x145 inches'), 
('e686a513-ef10-4c77-88c9-ee5bb15423b9', '76406729-55a7-453b-81d3-c005cb5b0ebe', '750 lbs'), 
('e686a513-ef10-4c77-88c9-ee5bb15423b9', 'f3575de5-b72f-466d-a2f0-7615dec686d6', 'TRUE'), 
('e686a513-ef10-4c77-88c9-ee5bb15423b9', '0dcf2127-2061-4298-8a28-ddf42630cb87', 'Acrylic'), 
('e686a513-ef10-4c77-88c9-ee5bb15423b9', '3c665630-e6ed-4927-933a-394aabdb9790', 'Small'), 
('38acd7fe-086d-4bc0-8860-8ae1e8c79e94', '3c665630-e6ed-4927-933a-394aabdb9790', 'Extra Large'), 
('ac18d9e2-055d-414c-a340-5be3e7b4ec66', '3c665630-e6ed-4927-933a-394aabdb9790', 'XXL'), 
('ac18d9e2-055d-414c-a340-5be3e7b4ec66', '0dcf2127-2061-4298-8a28-ddf42630cb87', 'Linen'), 
('ac18d9e2-055d-414c-a340-5be3e7b4ec66', 'f3575de5-b72f-466d-a2f0-7615dec686d6', 'TRUE'), 
('6361e83a-f9f4-4ad0-97c4-72ac6c2791cc', '68ab9649-6f7a-4512-8feb-fd7f3fce28ec', 'Cyan'), 
('6361e83a-f9f4-4ad0-97c4-72ac6c2791cc', '76406729-55a7-453b-81d3-c005cb5b0ebe', '1 lb'), 
('6361e83a-f9f4-4ad0-97c4-72ac6c2791cc', 'f3575de5-b72f-466d-a2f0-7615dec686d6', 'TRUE'), 
('6361e83a-f9f4-4ad0-97c4-72ac6c2791cc', '3c665630-e6ed-4927-933a-394aabdb9790', 'Large'), 
('15729d44-1985-4001-964c-cf00de2d2de4', 'f3575de5-b72f-466d-a2f0-7615dec686d6', 'TRUE'), 
('15729d44-1985-4001-964c-cf00de2d2de4', '889f2019-9657-4327-bd81-e21acccdbe9f', '55x55x55 inches'), 
('bbb24950-dd62-42bd-84b3-19ab6b319f7e', '0dcf2127-2061-4298-8a28-ddf42630cb87', 'Metal'), 
('bbb24950-dd62-42bd-84b3-19ab6b319f7e', '76406729-55a7-453b-81d3-c005cb5b0ebe', '1 lb'), 
('bbb24950-dd62-42bd-84b3-19ab6b319f7e', '889f2019-9657-4327-bd81-e21acccdbe9f', '45x45x45 inches'), 
('bbb24950-dd62-42bd-84b3-19ab6b319f7e', '68ab9649-6f7a-4512-8feb-fd7f3fce28ec', 'Beige'), 
('bbb24950-dd62-42bd-84b3-19ab6b319f7e', '3c665630-e6ed-4927-933a-394aabdb9790', 'Medium'), 
('bbb24950-dd62-42bd-84b3-19ab6b319f7e', 'f3575de5-b72f-466d-a2f0-7615dec686d6', 'FALSE'), 
('f767c447-7deb-4eef-a5ed-d8f58d1ce100', '76406729-55a7-453b-81d3-c005cb5b0ebe', '500 lbs'), 
('8ba7b0c6-9010-47bb-83fa-195976b5915b', '0dcf2127-2061-4298-8a28-ddf42630cb87', 'Wood'), 
('8ba7b0c6-9010-47bb-83fa-195976b5915b', '3c665630-e6ed-4927-933a-394aabdb9790', 'Extra Large'), 
('8ba7b0c6-9010-47bb-83fa-195976b5915b', '68ab9649-6f7a-4512-8feb-fd7f3fce28ec', 'Gray'), 
('8ba7b0c6-9010-47bb-83fa-195976b5915b', 'f3575de5-b72f-466d-a2f0-7615dec686d6', 'TRUE'), 
('8ba7b0c6-9010-47bb-83fa-195976b5915b', 'f6d99980-6890-4c68-a6b3-cb36afa914ee', '3'), 
('8ba7b0c6-9010-47bb-83fa-195976b5915b', '889f2019-9657-4327-bd81-e21acccdbe9f', '65x65x65 inches'), 
('b21175a6-c861-46c0-ae92-ad2c013990fc', 'f6d99980-6890-4c68-a6b3-cb36afa914ee', '12'), 
('853ff6fb-833f-4ddf-b1a9-638c5d203b23', '68ab9649-6f7a-4512-8feb-fd7f3fce28ec', 'Brown'), 
('853ff6fb-833f-4ddf-b1a9-638c5d203b23', '889f2019-9657-4327-bd81-e21acccdbe9f', '45x45x45 inches'), 
('853ff6fb-833f-4ddf-b1a9-638c5d203b23', 'f6d99980-6890-4c68-a6b3-cb36afa914ee', '12'), 
('a5f45baa-e1fc-4803-bdb8-5c1d09603ef5', '76406729-55a7-453b-81d3-c005cb5b0ebe', '100 lbs'), 
('a5f45baa-e1fc-4803-bdb8-5c1d09603ef5', 'f6d99980-6890-4c68-a6b3-cb36afa914ee', '12'), 
('a5f45baa-e1fc-4803-bdb8-5c1d09603ef5', '889f2019-9657-4327-bd81-e21acccdbe9f', '90x90x90 inches'), 
('a5f45baa-e1fc-4803-bdb8-5c1d09603ef5', '0dcf2127-2061-4298-8a28-ddf42630cb87', 'Spandex'), 
('ac46e1fe-42b9-4bba-9d6c-941bb652d02d', '889f2019-9657-4327-bd81-e21acccdbe9f', '40x40x40 inches'), 
('cf75f1ec-9efa-4186-9655-2386f79b2be8', '889f2019-9657-4327-bd81-e21acccdbe9f', '50x50x50 inches'), 
('4d5ef551-fce8-42be-a9eb-f46b4ba07434', 'f3575de5-b72f-466d-a2f0-7615dec686d6', 'FALSE'), 
('4d5ef551-fce8-42be-a9eb-f46b4ba07434', '68ab9649-6f7a-4512-8feb-fd7f3fce28ec', 'Orange'), 
('d4094e30-742d-48a7-a2b9-f112b7141e7d', '68ab9649-6f7a-4512-8feb-fd7f3fce28ec', 'White'), 
('d4094e30-742d-48a7-a2b9-f112b7141e7d', '76406729-55a7-453b-81d3-c005cb5b0ebe', '250 lbs'), 
('d4094e30-742d-48a7-a2b9-f112b7141e7d', '0dcf2127-2061-4298-8a28-ddf42630cb87', 'Velvet'), 
('d4094e30-742d-48a7-a2b9-f112b7141e7d', '3c665630-e6ed-4927-933a-394aabdb9790', 'XXL'), 
('d4094e30-742d-48a7-a2b9-f112b7141e7d', '889f2019-9657-4327-bd81-e21acccdbe9f', '45x45x45 inches'), 
('7914aee7-8873-481d-b581-ea35178a91ee', '68ab9649-6f7a-4512-8feb-fd7f3fce28ec', 'Turquoise'), 
('7914aee7-8873-481d-b581-ea35178a91ee', '0dcf2127-2061-4298-8a28-ddf42630cb87', 'Leather'), 
('7914aee7-8873-481d-b581-ea35178a91ee', '3c665630-e6ed-4927-933a-394aabdb9790', 'Extra Large'), 
('7914aee7-8873-481d-b581-ea35178a91ee', '889f2019-9657-4327-bd81-e21acccdbe9f', '110x110x110 inches'), 
('7914aee7-8873-481d-b581-ea35178a91ee', 'f3575de5-b72f-466d-a2f0-7615dec686d6', 'TRUE'), 
('7914aee7-8873-481d-b581-ea35178a91ee', '76406729-55a7-453b-81d3-c005cb5b0ebe', '450 lbs'), 
('7914aee7-8873-481d-b581-ea35178a91ee', 'f6d99980-6890-4c68-a6b3-cb36afa914ee', '12'), 
('9848c02a-8a06-410e-a3d0-35baa37e09f7', 'f6d99980-6890-4c68-a6b3-cb36afa914ee', '6'), 
('9848c02a-8a06-410e-a3d0-35baa37e09f7', '0dcf2127-2061-4298-8a28-ddf42630cb87', 'Linen'), 
('9848c02a-8a06-410e-a3d0-35baa37e09f7', '889f2019-9657-4327-bd81-e21acccdbe9f', '125x125x125 inches'), 
('9848c02a-8a06-410e-a3d0-35baa37e09f7', 'f3575de5-b72f-466d-a2f0-7615dec686d6', 'FALSE'), 
('9848c02a-8a06-410e-a3d0-35baa37e09f7', '76406729-55a7-453b-81d3-c005cb5b0ebe', '150 lbs'), 
('90b18d20-ad6c-4b95-85ae-bb8e457e241c', '0dcf2127-2061-4298-8a28-ddf42630cb87', 'Glass'), 
('8b7b3fb6-8a18-407f-9023-dbd375dc8fae', '0dcf2127-2061-4298-8a28-ddf42630cb87', 'Metal'), 
('8b7b3fb6-8a18-407f-9023-dbd375dc8fae', '889f2019-9657-4327-bd81-e21acccdbe9f', '80x80x80 inches'), 
('8b7b3fb6-8a18-407f-9023-dbd375dc8fae', '68ab9649-6f7a-4512-8feb-fd7f3fce28ec', 'Purple'), 
('8b7b3fb6-8a18-407f-9023-dbd375dc8fae', '3c665630-e6ed-4927-933a-394aabdb9790', 'Extra Large'), 
('8bf142d4-5d6b-4099-9435-7cfe5231de28', '68ab9649-6f7a-4512-8feb-fd7f3fce28ec', 'Blue'), 
('8bf142d4-5d6b-4099-9435-7cfe5231de28', '3c665630-e6ed-4927-933a-394aabdb9790', 'Extra Large'), 
('8bf142d4-5d6b-4099-9435-7cfe5231de28', 'f6d99980-6890-4c68-a6b3-cb36afa914ee', '12'), 
('8bf142d4-5d6b-4099-9435-7cfe5231de28', '0dcf2127-2061-4298-8a28-ddf42630cb87', 'Silk'), 
('8bf142d4-5d6b-4099-9435-7cfe5231de28', '889f2019-9657-4327-bd81-e21acccdbe9f', '130x130x130 inches'), 
('4f903e98-7e24-4cd5-ab05-bdef174e6fc9', '0dcf2127-2061-4298-8a28-ddf42630cb87', 'Nylon'), 
('356c5106-20eb-40b8-b29b-96f9bc239d67', '0dcf2127-2061-4298-8a28-ddf42630cb87', 'Plastic'), 
('356c5106-20eb-40b8-b29b-96f9bc239d67', '3c665630-e6ed-4927-933a-394aabdb9790', 'Medium'), 
('356c5106-20eb-40b8-b29b-96f9bc239d67', '889f2019-9657-4327-bd81-e21acccdbe9f', '25x25x25 inches'), 
('cc06e2a1-ade3-4d41-a3da-cce37d1a88c8', '76406729-55a7-453b-81d3-c005cb5b0ebe', '10 lbs'), 
('cc06e2a1-ade3-4d41-a3da-cce37d1a88c8', '0dcf2127-2061-4298-8a28-ddf42630cb87', 'Plastic'), 
('cc06e2a1-ade3-4d41-a3da-cce37d1a88c8', '68ab9649-6f7a-4512-8feb-fd7f3fce28ec', 'Magenta'), 
('cc06e2a1-ade3-4d41-a3da-cce37d1a88c8', 'f3575de5-b72f-466d-a2f0-7615dec686d6', 'FALSE'), 
('68e7deaa-46e7-4ed2-9dc0-ef819c49fa87', '76406729-55a7-453b-81d3-c005cb5b0ebe', '350 lbs'), 
('68e7deaa-46e7-4ed2-9dc0-ef819c49fa87', '889f2019-9657-4327-bd81-e21acccdbe9f', '5x5x5 inches'), 
('68e7deaa-46e7-4ed2-9dc0-ef819c49fa87', '0dcf2127-2061-4298-8a28-ddf42630cb87', 'Velvet'), 
('68e7deaa-46e7-4ed2-9dc0-ef819c49fa87', 'f6d99980-6890-4c68-a6b3-cb36afa914ee', '12'), 
('68e7deaa-46e7-4ed2-9dc0-ef819c49fa87', 'f3575de5-b72f-466d-a2f0-7615dec686d6', 'TRUE'), 
('620198c5-42b7-429f-9ed1-ef7130ff3106', '889f2019-9657-4327-bd81-e21acccdbe9f', '90x90x90 inches'), 
('620198c5-42b7-429f-9ed1-ef7130ff3106', 'f3575de5-b72f-466d-a2f0-7615dec686d6', 'FALSE'), 
('620198c5-42b7-429f-9ed1-ef7130ff3106', 'f6d99980-6890-4c68-a6b3-cb36afa914ee', '3'), 
('e6bba0e4-3e2b-41ee-a2e1-3128b1e4b987', '76406729-55a7-453b-81d3-c005cb5b0ebe', '250 lbs'), 
('e6bba0e4-3e2b-41ee-a2e1-3128b1e4b987', '889f2019-9657-4327-bd81-e21acccdbe9f', '15x15x15 inches'), 
('e6bba0e4-3e2b-41ee-a2e1-3128b1e4b987', 'f3575de5-b72f-466d-a2f0-7615dec686d6', 'TRUE'), 
('e6bba0e4-3e2b-41ee-a2e1-3128b1e4b987', '3c665630-e6ed-4927-933a-394aabdb9790', 'Extra Large'), 
('e6bba0e4-3e2b-41ee-a2e1-3128b1e4b987', '0dcf2127-2061-4298-8a28-ddf42630cb87', 'Leather'), 
('93cd54be-2037-4b50-b37e-b8981759ab5a', '76406729-55a7-453b-81d3-c005cb5b0ebe', '750 lbs'), 
('93cd54be-2037-4b50-b37e-b8981759ab5a', '889f2019-9657-4327-bd81-e21acccdbe9f', '150x150x150 inches'), 
('93cd54be-2037-4b50-b37e-b8981759ab5a', '68ab9649-6f7a-4512-8feb-fd7f3fce28ec', 'Yellow'), 
('93cd54be-2037-4b50-b37e-b8981759ab5a', 'f6d99980-6890-4c68-a6b3-cb36afa914ee', '2'), 
('4c84bd5f-43a0-4a96-b7e1-cade597ad06a', 'f3575de5-b72f-466d-a2f0-7615dec686d6', 'FALSE'), 
('4c84bd5f-43a0-4a96-b7e1-cade597ad06a', '68ab9649-6f7a-4512-8feb-fd7f3fce28ec', 'Green'), 
('4c84bd5f-43a0-4a96-b7e1-cade597ad06a', '3c665630-e6ed-4927-933a-394aabdb9790', 'Extra Large'), 
('4c84bd5f-43a0-4a96-b7e1-cade597ad06a', '76406729-55a7-453b-81d3-c005cb5b0ebe', '50 lbs'), 
('4c84bd5f-43a0-4a96-b7e1-cade597ad06a', 'f6d99980-6890-4c68-a6b3-cb36afa914ee', '2'), 
('ee22505d-f71a-498c-80d9-d985f2919901', 'f3575de5-b72f-466d-a2f0-7615dec686d6', 'TRUE'), 
('ee22505d-f71a-498c-80d9-d985f2919901', '76406729-55a7-453b-81d3-c005cb5b0ebe', '15 lbs'), 
('ee22505d-f71a-498c-80d9-d985f2919901', '889f2019-9657-4327-bd81-e21acccdbe9f', '55x55x55 inches'), 
('ee22505d-f71a-498c-80d9-d985f2919901', '3c665630-e6ed-4927-933a-394aabdb9790', 'Large'), 
('ee22505d-f71a-498c-80d9-d985f2919901', '68ab9649-6f7a-4512-8feb-fd7f3fce28ec', 'Purple'), 
('ee22505d-f71a-498c-80d9-d985f2919901', 'f6d99980-6890-4c68-a6b3-cb36afa914ee', '24'), 
('a388e2b8-7f62-423a-ad35-e883cbbd218b', '3c665630-e6ed-4927-933a-394aabdb9790', 'XXL'), 
('a388e2b8-7f62-423a-ad35-e883cbbd218b', 'f6d99980-6890-4c68-a6b3-cb36afa914ee', '2'), 
('a388e2b8-7f62-423a-ad35-e883cbbd218b', '889f2019-9657-4327-bd81-e21acccdbe9f', '150x150x150 inches'), 
('a388e2b8-7f62-423a-ad35-e883cbbd218b', '68ab9649-6f7a-4512-8feb-fd7f3fce28ec', 'Green'), 
('a3e7e103-aa91-41df-a382-2602538a2b54', 'f6d99980-6890-4c68-a6b3-cb36afa914ee', '2'), 
('a3e7e103-aa91-41df-a382-2602538a2b54', '889f2019-9657-4327-bd81-e21acccdbe9f', '85x85x85 inches'), 
('a3e7e103-aa91-41df-a382-2602538a2b54', '3c665630-e6ed-4927-933a-394aabdb9790', 'Medium'), 
('7c5f58ad-3306-4d33-955c-bb2850527c1b', 'f6d99980-6890-4c68-a6b3-cb36afa914ee', '2'), 
('7c5f58ad-3306-4d33-955c-bb2850527c1b', 'f3575de5-b72f-466d-a2f0-7615dec686d6', 'TRUE'), 
('57a00f7d-6c3d-4125-b98d-e71cd206eeb7', '3c665630-e6ed-4927-933a-394aabdb9790', 'Large'), 
('57a00f7d-6c3d-4125-b98d-e71cd206eeb7', '76406729-55a7-453b-81d3-c005cb5b0ebe', '2 lbs'), 
('57a00f7d-6c3d-4125-b98d-e71cd206eeb7', 'f3575de5-b72f-466d-a2f0-7615dec686d6', 'TRUE'), 
('57a00f7d-6c3d-4125-b98d-e71cd206eeb7', '0dcf2127-2061-4298-8a28-ddf42630cb87', 'Paper'), 
('57a00f7d-6c3d-4125-b98d-e71cd206eeb7', '68ab9649-6f7a-4512-8feb-fd7f3fce28ec', 'Yellow'), 
('1385763a-24e4-45ae-a0dd-c2abd5d914fd', 'f6d99980-6890-4c68-a6b3-cb36afa914ee', '24'), 
('722694a2-85cb-4a0d-8827-3739d46a804f', 'f3575de5-b72f-466d-a2f0-7615dec686d6', 'FALSE'), 
('722694a2-85cb-4a0d-8827-3739d46a804f', '68ab9649-6f7a-4512-8feb-fd7f3fce28ec', 'Cyan'), 
('91130117-c9ba-4537-9dfc-756e1f704240', 'f3575de5-b72f-466d-a2f0-7615dec686d6', 'FALSE'), 
('91130117-c9ba-4537-9dfc-756e1f704240', '889f2019-9657-4327-bd81-e21acccdbe9f', '5x5x5 inches'), 
('91130117-c9ba-4537-9dfc-756e1f704240', '0dcf2127-2061-4298-8a28-ddf42630cb87', 'Nylon'), 
('91130117-c9ba-4537-9dfc-756e1f704240', 'f6d99980-6890-4c68-a6b3-cb36afa914ee', '6'), 
('91130117-c9ba-4537-9dfc-756e1f704240', '68ab9649-6f7a-4512-8feb-fd7f3fce28ec', 'Beige'), 
('91130117-c9ba-4537-9dfc-756e1f704240', '76406729-55a7-453b-81d3-c005cb5b0ebe', '30 lbs'), 
('877e2889-4204-4759-bcd6-7e6c09491509', '76406729-55a7-453b-81d3-c005cb5b0ebe', '20 lbs'), 
('877e2889-4204-4759-bcd6-7e6c09491509', 'f6d99980-6890-4c68-a6b3-cb36afa914ee', '3'), 
('877e2889-4204-4759-bcd6-7e6c09491509', '889f2019-9657-4327-bd81-e21acccdbe9f', '65x65x65 inches'), 
('877e2889-4204-4759-bcd6-7e6c09491509', '3c665630-e6ed-4927-933a-394aabdb9790', 'Small'), 
('9ca12b9d-0824-4ae5-af87-fda75ddf62e6', '3c665630-e6ed-4927-933a-394aabdb9790', 'XXL'), 
('819eabce-8504-4d8e-8d70-e20202b824a3', '3c665630-e6ed-4927-933a-394aabdb9790', 'Extra Large'), 
('819eabce-8504-4d8e-8d70-e20202b824a3', 'f3575de5-b72f-466d-a2f0-7615dec686d6', 'TRUE'), 
('819eabce-8504-4d8e-8d70-e20202b824a3', '889f2019-9657-4327-bd81-e21acccdbe9f', '25x25x25 inches'), 
('819eabce-8504-4d8e-8d70-e20202b824a3', '0dcf2127-2061-4298-8a28-ddf42630cb87', 'Cotton'), 
('dcd9fd88-aed8-41f6-b554-eda0bae11d41', 'f6d99980-6890-4c68-a6b3-cb36afa914ee', '3'), 
('dcd9fd88-aed8-41f6-b554-eda0bae11d41', '76406729-55a7-453b-81d3-c005cb5b0ebe', '400 lbs'), 
('dcd9fd88-aed8-41f6-b554-eda0bae11d41', '3c665630-e6ed-4927-933a-394aabdb9790', 'Large'), 
('e12f3d62-3b7a-4091-95cf-a7abbc8fb089', 'f6d99980-6890-4c68-a6b3-cb36afa914ee', '24'), 
('e12f3d62-3b7a-4091-95cf-a7abbc8fb089', '76406729-55a7-453b-81d3-c005cb5b0ebe', '200 lbs'), 
('e12f3d62-3b7a-4091-95cf-a7abbc8fb089', '0dcf2127-2061-4298-8a28-ddf42630cb87', 'Bamboo'), 
('e12f3d62-3b7a-4091-95cf-a7abbc8fb089', 'f3575de5-b72f-466d-a2f0-7615dec686d6', 'FALSE'), 
('e12f3d62-3b7a-4091-95cf-a7abbc8fb089', '889f2019-9657-4327-bd81-e21acccdbe9f', '145x145x145 inches'), 
('10f35bb3-9452-42df-b944-16d9c1e500b7', '889f2019-9657-4327-bd81-e21acccdbe9f', '5x5x5 inches'), 
('10f35bb3-9452-42df-b944-16d9c1e500b7', 'f6d99980-6890-4c68-a6b3-cb36afa914ee', '1'), 
('10f35bb3-9452-42df-b944-16d9c1e500b7', '0dcf2127-2061-4298-8a28-ddf42630cb87', 'Wood'), 
('10f35bb3-9452-42df-b944-16d9c1e500b7', 'f3575de5-b72f-466d-a2f0-7615dec686d6', 'FALSE'), 
('10f35bb3-9452-42df-b944-16d9c1e500b7', '3c665630-e6ed-4927-933a-394aabdb9790', 'Large'), 
('10f35bb3-9452-42df-b944-16d9c1e500b7', '68ab9649-6f7a-4512-8feb-fd7f3fce28ec', 'Brown'), 
('10f35bb3-9452-42df-b944-16d9c1e500b7', '76406729-55a7-453b-81d3-c005cb5b0ebe', '20 lbs'), 
('900d7ff2-3663-485a-87c9-e9d5ba8c1254', '76406729-55a7-453b-81d3-c005cb5b0ebe', '300 lbs'), 
('900d7ff2-3663-485a-87c9-e9d5ba8c1254', '889f2019-9657-4327-bd81-e21acccdbe9f', '45x45x45 inches'), 
('900d7ff2-3663-485a-87c9-e9d5ba8c1254', '3c665630-e6ed-4927-933a-394aabdb9790', 'Medium'), 
('900d7ff2-3663-485a-87c9-e9d5ba8c1254', '68ab9649-6f7a-4512-8feb-fd7f3fce28ec', 'Blue'), 
('900d7ff2-3663-485a-87c9-e9d5ba8c1254', '0dcf2127-2061-4298-8a28-ddf42630cb87', 'Rubber'), 
('900d7ff2-3663-485a-87c9-e9d5ba8c1254', 'f6d99980-6890-4c68-a6b3-cb36afa914ee', '6'), 
('78d9d64a-17c4-415b-a243-961304af55b2', '3c665630-e6ed-4927-933a-394aabdb9790', 'Extra Large'), 
('319df4bf-548a-4d29-8feb-1433d436cf68', 'f6d99980-6890-4c68-a6b3-cb36afa914ee', '1'), 
('319df4bf-548a-4d29-8feb-1433d436cf68', '76406729-55a7-453b-81d3-c005cb5b0ebe', '450 lbs'), 
('319df4bf-548a-4d29-8feb-1433d436cf68', '3c665630-e6ed-4927-933a-394aabdb9790', 'XXL'), 
('319df4bf-548a-4d29-8feb-1433d436cf68', '889f2019-9657-4327-bd81-e21acccdbe9f', '10x10x10 inches'), 
('575428fc-4175-45b6-8f8d-08d984287752', '3c665630-e6ed-4927-933a-394aabdb9790', 'Extra Large'), 
('575428fc-4175-45b6-8f8d-08d984287752', '0dcf2127-2061-4298-8a28-ddf42630cb87', 'Denim'), 
('575428fc-4175-45b6-8f8d-08d984287752', 'f3575de5-b72f-466d-a2f0-7615dec686d6', 'TRUE'), 
('575428fc-4175-45b6-8f8d-08d984287752', '889f2019-9657-4327-bd81-e21acccdbe9f', '25x25x25 inches'), 
('575428fc-4175-45b6-8f8d-08d984287752', 'f6d99980-6890-4c68-a6b3-cb36afa914ee', '6'), 
('575428fc-4175-45b6-8f8d-08d984287752', '68ab9649-6f7a-4512-8feb-fd7f3fce28ec', 'Yellow'), 
('e9be9076-16fd-428d-9c87-49853e5db428', '889f2019-9657-4327-bd81-e21acccdbe9f', '140x140x140 inches'), 
('780b106a-7adb-40ec-8fbe-0eb8a09cf1e0', '3c665630-e6ed-4927-933a-394aabdb9790', 'Small'), 
('780b106a-7adb-40ec-8fbe-0eb8a09cf1e0', '76406729-55a7-453b-81d3-c005cb5b0ebe', '75 lbs'), 
('41de083e-b8c3-47c7-8167-08975d94f3bd', '0dcf2127-2061-4298-8a28-ddf42630cb87', 'Canvas'), 
('41de083e-b8c3-47c7-8167-08975d94f3bd', '889f2019-9657-4327-bd81-e21acccdbe9f', '110x110x110 inches'), 
('bd1b5c8f-0d23-4d32-9e3a-f74784479f84', '889f2019-9657-4327-bd81-e21acccdbe9f', '45x45x45 inches'), 
('5f103b69-906f-4a34-b250-6a5827495b36', '3c665630-e6ed-4927-933a-394aabdb9790', 'XXL'), 
('ba96b655-806a-4a8f-8511-536315a49a6a', 'f3575de5-b72f-466d-a2f0-7615dec686d6', 'FALSE'), 
('ba96b655-806a-4a8f-8511-536315a49a6a', 'f6d99980-6890-4c68-a6b3-cb36afa914ee', '6'), 
('22b6518e-da5d-425b-8e0f-8a446afff3d5', 'f6d99980-6890-4c68-a6b3-cb36afa914ee', '24'), 
('22b6518e-da5d-425b-8e0f-8a446afff3d5', '889f2019-9657-4327-bd81-e21acccdbe9f', '55x55x55 inches'), 
('22b6518e-da5d-425b-8e0f-8a446afff3d5', '68ab9649-6f7a-4512-8feb-fd7f3fce28ec', 'Turquoise'), 
('22b6518e-da5d-425b-8e0f-8a446afff3d5', '3c665630-e6ed-4927-933a-394aabdb9790', 'Extra Large'), 
('22b6518e-da5d-425b-8e0f-8a446afff3d5', '0dcf2127-2061-4298-8a28-ddf42630cb87', 'Rubber'), 
('9ec33181-3c40-4c3b-b981-bb36b81c5dd2', 'f3575de5-b72f-466d-a2f0-7615dec686d6', 'FALSE'), 
('9ec33181-3c40-4c3b-b981-bb36b81c5dd2', '889f2019-9657-4327-bd81-e21acccdbe9f', '10x10x10 inches'), 
('9ec33181-3c40-4c3b-b981-bb36b81c5dd2', '3c665630-e6ed-4927-933a-394aabdb9790', 'XXL'), 
('9ec33181-3c40-4c3b-b981-bb36b81c5dd2', 'f6d99980-6890-4c68-a6b3-cb36afa914ee', '2'), 
('d4764d6d-ed49-402d-a232-89fbf77b4c94', 'f3575de5-b72f-466d-a2f0-7615dec686d6', 'FALSE'), 
('d4764d6d-ed49-402d-a232-89fbf77b4c94', '889f2019-9657-4327-bd81-e21acccdbe9f', '115x115x115 inches'), 
('5bcdea90-cfc4-488d-848e-d7cba8fcfa3a', '0dcf2127-2061-4298-8a28-ddf42630cb87', 'Cotton'), 
('5bcdea90-cfc4-488d-848e-d7cba8fcfa3a', '76406729-55a7-453b-81d3-c005cb5b0ebe', '1 lb'), 
('5bcdea90-cfc4-488d-848e-d7cba8fcfa3a', 'f3575de5-b72f-466d-a2f0-7615dec686d6', 'TRUE'), 
('5bcdea90-cfc4-488d-848e-d7cba8fcfa3a', '68ab9649-6f7a-4512-8feb-fd7f3fce28ec', 'Purple'), 
('5bcdea90-cfc4-488d-848e-d7cba8fcfa3a', 'f6d99980-6890-4c68-a6b3-cb36afa914ee', '12'), 
('9ee93e97-cb8e-4b65-a100-085ca1a8f681', '68ab9649-6f7a-4512-8feb-fd7f3fce28ec', 'Black'), 
('9ee93e97-cb8e-4b65-a100-085ca1a8f681', 'f3575de5-b72f-466d-a2f0-7615dec686d6', 'FALSE'), 
('9ee93e97-cb8e-4b65-a100-085ca1a8f681', '0dcf2127-2061-4298-8a28-ddf42630cb87', 'Ceramic'), 
('de72b908-e8ee-43c4-92c9-851311cf86db', 'f3575de5-b72f-466d-a2f0-7615dec686d6', 'TRUE'), 
('de72b908-e8ee-43c4-92c9-851311cf86db', '76406729-55a7-453b-81d3-c005cb5b0ebe', '300 lbs'), 
('de72b908-e8ee-43c4-92c9-851311cf86db', '68ab9649-6f7a-4512-8feb-fd7f3fce28ec', 'Black'), 
('de72b908-e8ee-43c4-92c9-851311cf86db', '0dcf2127-2061-4298-8a28-ddf42630cb87', 'Metal'), 
('320d1895-752b-42d0-a8b3-d5b63dc2a72d', '68ab9649-6f7a-4512-8feb-fd7f3fce28ec', 'Brown'), 
('320d1895-752b-42d0-a8b3-d5b63dc2a72d', 'f6d99980-6890-4c68-a6b3-cb36afa914ee', '3'), 
('320d1895-752b-42d0-a8b3-d5b63dc2a72d', 'f3575de5-b72f-466d-a2f0-7615dec686d6', 'FALSE'), 
('320d1895-752b-42d0-a8b3-d5b63dc2a72d', '3c665630-e6ed-4927-933a-394aabdb9790', 'Small'), 
('320d1895-752b-42d0-a8b3-d5b63dc2a72d', '76406729-55a7-453b-81d3-c005cb5b0ebe', '250 lbs'), 
('320d1895-752b-42d0-a8b3-d5b63dc2a72d', '889f2019-9657-4327-bd81-e21acccdbe9f', '95x95x95 inches'), 
('ccfa50fe-5e88-4b22-8a98-ca2b9d250ce3', '68ab9649-6f7a-4512-8feb-fd7f3fce28ec', 'Purple'), 
('ccfa50fe-5e88-4b22-8a98-ca2b9d250ce3', '889f2019-9657-4327-bd81-e21acccdbe9f', '110x110x110 inches'), 
('ccfa50fe-5e88-4b22-8a98-ca2b9d250ce3', 'f3575de5-b72f-466d-a2f0-7615dec686d6', 'FALSE'), 
('ccfa50fe-5e88-4b22-8a98-ca2b9d250ce3', '3c665630-e6ed-4927-933a-394aabdb9790', 'Medium'), 
('ccfa50fe-5e88-4b22-8a98-ca2b9d250ce3', 'f6d99980-6890-4c68-a6b3-cb36afa914ee', '2'), 
('ccfa50fe-5e88-4b22-8a98-ca2b9d250ce3', '0dcf2127-2061-4298-8a28-ddf42630cb87', 'Glass'), 
('f11606cc-9682-4af6-af62-037f43623cf1', 'f3575de5-b72f-466d-a2f0-7615dec686d6', 'FALSE'), 
('1d9bcc1b-0aff-4f78-9e6b-fb58bcd946d6', 'f6d99980-6890-4c68-a6b3-cb36afa914ee', '24'), 
('2be19144-8879-45a9-a8fb-04de3f7e294b', 'f6d99980-6890-4c68-a6b3-cb36afa914ee', '6'), 
('2be19144-8879-45a9-a8fb-04de3f7e294b', '0dcf2127-2061-4298-8a28-ddf42630cb87', 'Wood'), 
('2be19144-8879-45a9-a8fb-04de3f7e294b', '76406729-55a7-453b-81d3-c005cb5b0ebe', '300 lbs'), 
('2be19144-8879-45a9-a8fb-04de3f7e294b', '3c665630-e6ed-4927-933a-394aabdb9790', 'Extra Large'), 
('2be19144-8879-45a9-a8fb-04de3f7e294b', 'f3575de5-b72f-466d-a2f0-7615dec686d6', 'FALSE'), 
('2be19144-8879-45a9-a8fb-04de3f7e294b', '68ab9649-6f7a-4512-8feb-fd7f3fce28ec', 'Pink'), 
('2be19144-8879-45a9-a8fb-04de3f7e294b', '889f2019-9657-4327-bd81-e21acccdbe9f', '90x90x90 inches'), 
('e38fc125-e09a-4fc8-be8a-95b868596656', '68ab9649-6f7a-4512-8feb-fd7f3fce28ec', 'Cyan'), 
('e38fc125-e09a-4fc8-be8a-95b868596656', '889f2019-9657-4327-bd81-e21acccdbe9f', '50x50x50 inches'), 
('9e5dd2a1-1344-4528-82fd-b061600f9dfc', '68ab9649-6f7a-4512-8feb-fd7f3fce28ec', 'Red'), 
('9e5dd2a1-1344-4528-82fd-b061600f9dfc', '889f2019-9657-4327-bd81-e21acccdbe9f', '135x135x135 inches'), 
('9e5dd2a1-1344-4528-82fd-b061600f9dfc', 'f3575de5-b72f-466d-a2f0-7615dec686d6', 'TRUE'), 
('9e5dd2a1-1344-4528-82fd-b061600f9dfc', 'f6d99980-6890-4c68-a6b3-cb36afa914ee', '6'), 
('9e5dd2a1-1344-4528-82fd-b061600f9dfc', '76406729-55a7-453b-81d3-c005cb5b0ebe', '500 lbs'), 
('5ed7ff71-4a3f-4360-ae01-94b743d9c785', '0dcf2127-2061-4298-8a28-ddf42630cb87', 'Denim'), 
('5ed7ff71-4a3f-4360-ae01-94b743d9c785', '3c665630-e6ed-4927-933a-394aabdb9790', 'XXL'), 
('5ed7ff71-4a3f-4360-ae01-94b743d9c785', '889f2019-9657-4327-bd81-e21acccdbe9f', '40x40x40 inches'), 
('5ed7ff71-4a3f-4360-ae01-94b743d9c785', 'f6d99980-6890-4c68-a6b3-cb36afa914ee', '6'), 
('5ed7ff71-4a3f-4360-ae01-94b743d9c785', '76406729-55a7-453b-81d3-c005cb5b0ebe', '1 lb'), 
('e384a5a1-d247-4825-81aa-7b49b972dea3', '76406729-55a7-453b-81d3-c005cb5b0ebe', '100 lbs'), 
('e384a5a1-d247-4825-81aa-7b49b972dea3', 'f6d99980-6890-4c68-a6b3-cb36afa914ee', '12'), 
('e384a5a1-d247-4825-81aa-7b49b972dea3', '3c665630-e6ed-4927-933a-394aabdb9790', 'Medium'), 
('65b4c5ab-2df9-4170-94f2-367f72119148', '0dcf2127-2061-4298-8a28-ddf42630cb87', 'Leather'), 
('65b4c5ab-2df9-4170-94f2-367f72119148', '889f2019-9657-4327-bd81-e21acccdbe9f', '60x60x60 inches'), 
('65b4c5ab-2df9-4170-94f2-367f72119148', 'f3575de5-b72f-466d-a2f0-7615dec686d6', 'TRUE'), 
('65b4c5ab-2df9-4170-94f2-367f72119148', '3c665630-e6ed-4927-933a-394aabdb9790', 'Small'), 
('65b4c5ab-2df9-4170-94f2-367f72119148', '68ab9649-6f7a-4512-8feb-fd7f3fce28ec', 'Blue'), 
('65b4c5ab-2df9-4170-94f2-367f72119148', '76406729-55a7-453b-81d3-c005cb5b0ebe', '450 lbs'), 
('6b3636ef-c001-4162-8c17-94b6b56e45d9', '3c665630-e6ed-4927-933a-394aabdb9790', 'Small'), 
('6b3636ef-c001-4162-8c17-94b6b56e45d9', '0dcf2127-2061-4298-8a28-ddf42630cb87', 'Spandex'), 
('6b3636ef-c001-4162-8c17-94b6b56e45d9', '68ab9649-6f7a-4512-8feb-fd7f3fce28ec', 'Yellow'), 
('6b3636ef-c001-4162-8c17-94b6b56e45d9', 'f3575de5-b72f-466d-a2f0-7615dec686d6', 'FALSE'), 
('6b3636ef-c001-4162-8c17-94b6b56e45d9', 'f6d99980-6890-4c68-a6b3-cb36afa914ee', '1'), 
('6b3636ef-c001-4162-8c17-94b6b56e45d9', '889f2019-9657-4327-bd81-e21acccdbe9f', '10x10x10 inches'), 
('42fc1f59-5fb6-4b7d-9409-ac18e51af58a', '0dcf2127-2061-4298-8a28-ddf42630cb87', 'Ceramic'), 
('42fc1f59-5fb6-4b7d-9409-ac18e51af58a', '68ab9649-6f7a-4512-8feb-fd7f3fce28ec', 'Black'), 
('42fc1f59-5fb6-4b7d-9409-ac18e51af58a', '889f2019-9657-4327-bd81-e21acccdbe9f', '60x60x60 inches'), 
('ce4261cb-6821-48b9-bf17-764ab75f5f24', '0dcf2127-2061-4298-8a28-ddf42630cb87', 'Ceramic'), 
('ae276ddd-8d6b-4890-90a6-3e9900644ad4', '68ab9649-6f7a-4512-8feb-fd7f3fce28ec', 'Purple'), 
('ae276ddd-8d6b-4890-90a6-3e9900644ad4', '889f2019-9657-4327-bd81-e21acccdbe9f', '130x130x130 inches'), 
('ae276ddd-8d6b-4890-90a6-3e9900644ad4', '0dcf2127-2061-4298-8a28-ddf42630cb87', 'Wood'), 
('ae276ddd-8d6b-4890-90a6-3e9900644ad4', 'f6d99980-6890-4c68-a6b3-cb36afa914ee', '1'), 
('ae276ddd-8d6b-4890-90a6-3e9900644ad4', 'f3575de5-b72f-466d-a2f0-7615dec686d6', 'TRUE'), 
('d43cab0b-6591-426d-b89e-6aa27dd2c058', '68ab9649-6f7a-4512-8feb-fd7f3fce28ec', 'Green'), 
('d43cab0b-6591-426d-b89e-6aa27dd2c058', '0dcf2127-2061-4298-8a28-ddf42630cb87', 'Ceramic'), 
('d43cab0b-6591-426d-b89e-6aa27dd2c058', 'f3575de5-b72f-466d-a2f0-7615dec686d6', 'FALSE'), 
('d43cab0b-6591-426d-b89e-6aa27dd2c058', '3c665630-e6ed-4927-933a-394aabdb9790', 'Medium'), 
('d43cab0b-6591-426d-b89e-6aa27dd2c058', 'f6d99980-6890-4c68-a6b3-cb36afa914ee', '1'), 
('d43cab0b-6591-426d-b89e-6aa27dd2c058', '76406729-55a7-453b-81d3-c005cb5b0ebe', '1 lb'), 
('d43cab0b-6591-426d-b89e-6aa27dd2c058', '889f2019-9657-4327-bd81-e21acccdbe9f', '115x115x115 inches'), 
('f25aa8d8-5977-410a-9e4a-da68cce61b09', '889f2019-9657-4327-bd81-e21acccdbe9f', '45x45x45 inches'), 
('f25aa8d8-5977-410a-9e4a-da68cce61b09', '68ab9649-6f7a-4512-8feb-fd7f3fce28ec', 'Magenta'), 
('f25aa8d8-5977-410a-9e4a-da68cce61b09', 'f6d99980-6890-4c68-a6b3-cb36afa914ee', '12'), 
('f25aa8d8-5977-410a-9e4a-da68cce61b09', 'f3575de5-b72f-466d-a2f0-7615dec686d6', 'TRUE'), 
('f25aa8d8-5977-410a-9e4a-da68cce61b09', '0dcf2127-2061-4298-8a28-ddf42630cb87', 'Wood'), 
('f25aa8d8-5977-410a-9e4a-da68cce61b09', '76406729-55a7-453b-81d3-c005cb5b0ebe', '1000 lbs'), 
('f25aa8d8-5977-410a-9e4a-da68cce61b09', '3c665630-e6ed-4927-933a-394aabdb9790', 'XXL'), 
('9eba6e12-3b98-4416-a3de-2f4eba1f52d3', '889f2019-9657-4327-bd81-e21acccdbe9f', '130x130x130 inches'), 
('d6bb61ae-6be4-41df-bcf8-f7640705983e', '68ab9649-6f7a-4512-8feb-fd7f3fce28ec', 'Orange'), 
('d6bb61ae-6be4-41df-bcf8-f7640705983e', '3c665630-e6ed-4927-933a-394aabdb9790', 'Small'), 
('d6bb61ae-6be4-41df-bcf8-f7640705983e', '889f2019-9657-4327-bd81-e21acccdbe9f', '35x35x35 inches'), 
('d6bb61ae-6be4-41df-bcf8-f7640705983e', 'f3575de5-b72f-466d-a2f0-7615dec686d6', 'FALSE'), 
('d6bb61ae-6be4-41df-bcf8-f7640705983e', '76406729-55a7-453b-81d3-c005cb5b0ebe', '25 lbs'), 
('d6bb61ae-6be4-41df-bcf8-f7640705983e', 'f6d99980-6890-4c68-a6b3-cb36afa914ee', '3'), 
('d6bb61ae-6be4-41df-bcf8-f7640705983e', '0dcf2127-2061-4298-8a28-ddf42630cb87', 'Paper'), 
('5e771324-ac95-4bbb-b7f7-3aba55d6b080', '68ab9649-6f7a-4512-8feb-fd7f3fce28ec', 'Beige'), 
('5e771324-ac95-4bbb-b7f7-3aba55d6b080', '889f2019-9657-4327-bd81-e21acccdbe9f', '45x45x45 inches'), 
('5e771324-ac95-4bbb-b7f7-3aba55d6b080', 'f6d99980-6890-4c68-a6b3-cb36afa914ee', '3'), 
('8e9b2d2a-b951-4fd2-ac8b-360c8ceee576', '68ab9649-6f7a-4512-8feb-fd7f3fce28ec', 'Red'), 
('d7a0cf07-d92c-4196-9ebf-e7084f31421c', '68ab9649-6f7a-4512-8feb-fd7f3fce28ec', 'Blue'), 
('d7a0cf07-d92c-4196-9ebf-e7084f31421c', '3c665630-e6ed-4927-933a-394aabdb9790', 'Large'), 
('d7a0cf07-d92c-4196-9ebf-e7084f31421c', 'f6d99980-6890-4c68-a6b3-cb36afa914ee', '2'), 
('d7a0cf07-d92c-4196-9ebf-e7084f31421c', '889f2019-9657-4327-bd81-e21acccdbe9f', '95x95x95 inches'), 
('d7a0cf07-d92c-4196-9ebf-e7084f31421c', '0dcf2127-2061-4298-8a28-ddf42630cb87', 'Velvet'), 
('d7a0cf07-d92c-4196-9ebf-e7084f31421c', 'f3575de5-b72f-466d-a2f0-7615dec686d6', 'TRUE'), 
('d7a0cf07-d92c-4196-9ebf-e7084f31421c', '76406729-55a7-453b-81d3-c005cb5b0ebe', '750 lbs'), 
('84c52cc5-1e8c-4455-b706-1f646d63081d', '68ab9649-6f7a-4512-8feb-fd7f3fce28ec', 'Black'), 
('84c52cc5-1e8c-4455-b706-1f646d63081d', '889f2019-9657-4327-bd81-e21acccdbe9f', '10x10x10 inches'), 
('84c52cc5-1e8c-4455-b706-1f646d63081d', '3c665630-e6ed-4927-933a-394aabdb9790', 'Small'), 
('84c52cc5-1e8c-4455-b706-1f646d63081d', '0dcf2127-2061-4298-8a28-ddf42630cb87', 'Linen'), 
('84c52cc5-1e8c-4455-b706-1f646d63081d', 'f6d99980-6890-4c68-a6b3-cb36afa914ee', '3'), 
('84c52cc5-1e8c-4455-b706-1f646d63081d', '76406729-55a7-453b-81d3-c005cb5b0ebe', '10 lbs'), 
('7342cd0d-5d6c-4a7a-a4b8-eb11273c809e', 'f6d99980-6890-4c68-a6b3-cb36afa914ee', '2'), 
('7342cd0d-5d6c-4a7a-a4b8-eb11273c809e', '0dcf2127-2061-4298-8a28-ddf42630cb87', 'Ceramic'), 
('e3f96df7-cad6-4eb8-9e1a-45e1ea06af97', '889f2019-9657-4327-bd81-e21acccdbe9f', '35x35x35 inches'), 
('e3f96df7-cad6-4eb8-9e1a-45e1ea06af97', '76406729-55a7-453b-81d3-c005cb5b0ebe', '2 lbs'), 
('6ef5b21a-4095-4b28-b928-239778921d1b', '76406729-55a7-453b-81d3-c005cb5b0ebe', '100 lbs'), 
('6ef5b21a-4095-4b28-b928-239778921d1b', '889f2019-9657-4327-bd81-e21acccdbe9f', '95x95x95 inches'), 
('6ef5b21a-4095-4b28-b928-239778921d1b', 'f3575de5-b72f-466d-a2f0-7615dec686d6', 'TRUE'), 
('6ef5b21a-4095-4b28-b928-239778921d1b', '3c665630-e6ed-4927-933a-394aabdb9790', 'Medium'), 
('6ef5b21a-4095-4b28-b928-239778921d1b', '68ab9649-6f7a-4512-8feb-fd7f3fce28ec', 'Pink'), 
('6ef5b21a-4095-4b28-b928-239778921d1b', '0dcf2127-2061-4298-8a28-ddf42630cb87', 'Rubber'), 
('3e381a8e-1dbc-44e6-a83e-e71adb45591e', '76406729-55a7-453b-81d3-c005cb5b0ebe', '500 lbs'), 
('3e381a8e-1dbc-44e6-a83e-e71adb45591e', 'f3575de5-b72f-466d-a2f0-7615dec686d6', 'FALSE'), 
('3e381a8e-1dbc-44e6-a83e-e71adb45591e', '3c665630-e6ed-4927-933a-394aabdb9790', 'Medium'), 
('3e381a8e-1dbc-44e6-a83e-e71adb45591e', '0dcf2127-2061-4298-8a28-ddf42630cb87', 'Metal'), 
('3e381a8e-1dbc-44e6-a83e-e71adb45591e', '889f2019-9657-4327-bd81-e21acccdbe9f', '5x5x5 inches'), 
('3e381a8e-1dbc-44e6-a83e-e71adb45591e', '68ab9649-6f7a-4512-8feb-fd7f3fce28ec', 'Green'), 
('4ec034d1-5450-48fb-b8ba-226c3cf222ac', '0dcf2127-2061-4298-8a28-ddf42630cb87', 'Ceramic'), 
('4ec034d1-5450-48fb-b8ba-226c3cf222ac', '3c665630-e6ed-4927-933a-394aabdb9790', 'Medium'), 
('4ec034d1-5450-48fb-b8ba-226c3cf222ac', 'f3575de5-b72f-466d-a2f0-7615dec686d6', 'FALSE'), 
('4ec034d1-5450-48fb-b8ba-226c3cf222ac', '889f2019-9657-4327-bd81-e21acccdbe9f', '120x120x120 inches'), 
('4ec034d1-5450-48fb-b8ba-226c3cf222ac', '68ab9649-6f7a-4512-8feb-fd7f3fce28ec', 'Purple'), 
('4ec034d1-5450-48fb-b8ba-226c3cf222ac', 'f6d99980-6890-4c68-a6b3-cb36afa914ee', '12'), 
('4ec034d1-5450-48fb-b8ba-226c3cf222ac', '76406729-55a7-453b-81d3-c005cb5b0ebe', '150 lbs'), 
('9cab5371-aabc-432a-8936-4ef978bceb4f', '889f2019-9657-4327-bd81-e21acccdbe9f', '115x115x115 inches'), 
('9cab5371-aabc-432a-8936-4ef978bceb4f', 'f6d99980-6890-4c68-a6b3-cb36afa914ee', '3'), 
('9cab5371-aabc-432a-8936-4ef978bceb4f', '76406729-55a7-453b-81d3-c005cb5b0ebe', '30 lbs'), 
('9cab5371-aabc-432a-8936-4ef978bceb4f', '3c665630-e6ed-4927-933a-394aabdb9790', 'Small'), 
('863375af-6d01-423f-95c8-44b4c1d0a278', '3c665630-e6ed-4927-933a-394aabdb9790', 'XXL'), 
('863375af-6d01-423f-95c8-44b4c1d0a278', '0dcf2127-2061-4298-8a28-ddf42630cb87', 'Leather'), 
('863375af-6d01-423f-95c8-44b4c1d0a278', '889f2019-9657-4327-bd81-e21acccdbe9f', '55x55x55 inches'), 
('863375af-6d01-423f-95c8-44b4c1d0a278', 'f3575de5-b72f-466d-a2f0-7615dec686d6', 'FALSE'), 
('863375af-6d01-423f-95c8-44b4c1d0a278', '76406729-55a7-453b-81d3-c005cb5b0ebe', '5 lbs'), 
('863375af-6d01-423f-95c8-44b4c1d0a278', 'f6d99980-6890-4c68-a6b3-cb36afa914ee', '12'), 
('863375af-6d01-423f-95c8-44b4c1d0a278', '68ab9649-6f7a-4512-8feb-fd7f3fce28ec', 'Blue'), 
('de3065e8-5b37-426e-89ff-7dcec8ab4869', '68ab9649-6f7a-4512-8feb-fd7f3fce28ec', 'Magenta'), 
('de3065e8-5b37-426e-89ff-7dcec8ab4869', 'f6d99980-6890-4c68-a6b3-cb36afa914ee', '3'), 
('de3065e8-5b37-426e-89ff-7dcec8ab4869', '889f2019-9657-4327-bd81-e21acccdbe9f', '105x105x105 inches'), 
('785438fd-af78-483a-86d7-e87357652879', '3c665630-e6ed-4927-933a-394aabdb9790', 'Medium'), 
('785438fd-af78-483a-86d7-e87357652879', 'f3575de5-b72f-466d-a2f0-7615dec686d6', 'TRUE'), 
('785438fd-af78-483a-86d7-e87357652879', 'f6d99980-6890-4c68-a6b3-cb36afa914ee', '12'), 
('785438fd-af78-483a-86d7-e87357652879', '68ab9649-6f7a-4512-8feb-fd7f3fce28ec', 'Red'), 
('785438fd-af78-483a-86d7-e87357652879', '0dcf2127-2061-4298-8a28-ddf42630cb87', 'Ceramic'), 
('785438fd-af78-483a-86d7-e87357652879', '76406729-55a7-453b-81d3-c005cb5b0ebe', '350 lbs'), 
('785438fd-af78-483a-86d7-e87357652879', '889f2019-9657-4327-bd81-e21acccdbe9f', '65x65x65 inches'), 
('ce96691e-7727-412d-a83f-d046cd569045', '889f2019-9657-4327-bd81-e21acccdbe9f', '110x110x110 inches'), 
('a47f5b5e-f33e-49f8-871e-65c25c8290ac', '68ab9649-6f7a-4512-8feb-fd7f3fce28ec', 'White'), 
('278d60b6-55c8-4fd1-a5e1-fae30e0fccae', '68ab9649-6f7a-4512-8feb-fd7f3fce28ec', 'Black'), 
('278d60b6-55c8-4fd1-a5e1-fae30e0fccae', 'f6d99980-6890-4c68-a6b3-cb36afa914ee', '1'), 
('278d60b6-55c8-4fd1-a5e1-fae30e0fccae', 'f3575de5-b72f-466d-a2f0-7615dec686d6', 'FALSE'), 
('278d60b6-55c8-4fd1-a5e1-fae30e0fccae', '3c665630-e6ed-4927-933a-394aabdb9790', 'Medium'), 
('278d60b6-55c8-4fd1-a5e1-fae30e0fccae', '0dcf2127-2061-4298-8a28-ddf42630cb87', 'Plastic'), 
('80447102-cbeb-4715-ae62-7477313e66cb', '76406729-55a7-453b-81d3-c005cb5b0ebe', '30 lbs'), 
('80447102-cbeb-4715-ae62-7477313e66cb', 'f6d99980-6890-4c68-a6b3-cb36afa914ee', '3'), 
('80447102-cbeb-4715-ae62-7477313e66cb', '889f2019-9657-4327-bd81-e21acccdbe9f', '95x95x95 inches'), 
('80447102-cbeb-4715-ae62-7477313e66cb', '0dcf2127-2061-4298-8a28-ddf42630cb87', 'Velvet'), 
('fa40fefe-e132-4a5b-a724-36ec6e2f2c76', '76406729-55a7-453b-81d3-c005cb5b0ebe', '25 lbs'), 
('fa40fefe-e132-4a5b-a724-36ec6e2f2c76', 'f6d99980-6890-4c68-a6b3-cb36afa914ee', '24'), 
('fa40fefe-e132-4a5b-a724-36ec6e2f2c76', 'f3575de5-b72f-466d-a2f0-7615dec686d6', 'FALSE'), 
('fa40fefe-e132-4a5b-a724-36ec6e2f2c76', '889f2019-9657-4327-bd81-e21acccdbe9f', '40x40x40 inches'), 
('853664c0-2da9-4276-92ff-3f0056ec5b31', 'f3575de5-b72f-466d-a2f0-7615dec686d6', 'TRUE'), 
('853664c0-2da9-4276-92ff-3f0056ec5b31', 'f6d99980-6890-4c68-a6b3-cb36afa914ee', '2'), 
('dc75fe55-7229-4d72-8638-a18963aee5eb', '3c665630-e6ed-4927-933a-394aabdb9790', 'XXL'), 
('dc75fe55-7229-4d72-8638-a18963aee5eb', 'f6d99980-6890-4c68-a6b3-cb36afa914ee', '24'), 
('dc75fe55-7229-4d72-8638-a18963aee5eb', '889f2019-9657-4327-bd81-e21acccdbe9f', '90x90x90 inches'), 
('dc75fe55-7229-4d72-8638-a18963aee5eb', 'f3575de5-b72f-466d-a2f0-7615dec686d6', 'FALSE'), 
('dc75fe55-7229-4d72-8638-a18963aee5eb', '68ab9649-6f7a-4512-8feb-fd7f3fce28ec', 'Orange'), 
('dc75fe55-7229-4d72-8638-a18963aee5eb', '0dcf2127-2061-4298-8a28-ddf42630cb87', 'Canvas'), 
('dc75fe55-7229-4d72-8638-a18963aee5eb', '76406729-55a7-453b-81d3-c005cb5b0ebe', '400 lbs'), 
('345bacc5-152d-446b-ba71-613e7e141ca7', '68ab9649-6f7a-4512-8feb-fd7f3fce28ec', 'Gray'), 
('48f386ba-4126-4426-aed8-6bd907e16af5', 'f3575de5-b72f-466d-a2f0-7615dec686d6', 'TRUE'), 
('48f386ba-4126-4426-aed8-6bd907e16af5', '68ab9649-6f7a-4512-8feb-fd7f3fce28ec', 'Magenta'), 
('48f386ba-4126-4426-aed8-6bd907e16af5', '889f2019-9657-4327-bd81-e21acccdbe9f', '45x45x45 inches'), 
('48f386ba-4126-4426-aed8-6bd907e16af5', '76406729-55a7-453b-81d3-c005cb5b0ebe', '75 lbs'), 
('48f386ba-4126-4426-aed8-6bd907e16af5', 'f6d99980-6890-4c68-a6b3-cb36afa914ee', '1'), 
('48f386ba-4126-4426-aed8-6bd907e16af5', '3c665630-e6ed-4927-933a-394aabdb9790', 'Small'), 
('9bd6f4f8-e46e-486d-8a14-aa6e1859c2cc', '889f2019-9657-4327-bd81-e21acccdbe9f', '30x30x30 inches'), 
('9bd6f4f8-e46e-486d-8a14-aa6e1859c2cc', '0dcf2127-2061-4298-8a28-ddf42630cb87', 'Leather'), 
('9bd6f4f8-e46e-486d-8a14-aa6e1859c2cc', 'f3575de5-b72f-466d-a2f0-7615dec686d6', 'FALSE'), 
('9bd6f4f8-e46e-486d-8a14-aa6e1859c2cc', '76406729-55a7-453b-81d3-c005cb5b0ebe', '100 lbs'), 
('9bd6f4f8-e46e-486d-8a14-aa6e1859c2cc', '68ab9649-6f7a-4512-8feb-fd7f3fce28ec', 'Turquoise'), 
('9bd6f4f8-e46e-486d-8a14-aa6e1859c2cc', '3c665630-e6ed-4927-933a-394aabdb9790', 'Extra Large'), 
('4a57186f-ca01-460d-9fb8-a01d34829e22', '76406729-55a7-453b-81d3-c005cb5b0ebe', '200 lbs'), 
('4a57186f-ca01-460d-9fb8-a01d34829e22', '68ab9649-6f7a-4512-8feb-fd7f3fce28ec', 'Purple'), 
('4a57186f-ca01-460d-9fb8-a01d34829e22', 'f6d99980-6890-4c68-a6b3-cb36afa914ee', '2'), 
('4a57186f-ca01-460d-9fb8-a01d34829e22', '0dcf2127-2061-4298-8a28-ddf42630cb87', 'Denim'), 
('4a57186f-ca01-460d-9fb8-a01d34829e22', '3c665630-e6ed-4927-933a-394aabdb9790', 'Medium'), 
('4a57186f-ca01-460d-9fb8-a01d34829e22', 'f3575de5-b72f-466d-a2f0-7615dec686d6', 'FALSE'), 
('4a57186f-ca01-460d-9fb8-a01d34829e22', '889f2019-9657-4327-bd81-e21acccdbe9f', '45x45x45 inches'), 
('0142576e-8696-4d92-97e2-3295d4c0a648', 'f3575de5-b72f-466d-a2f0-7615dec686d6', 'FALSE'), 
('74b8d833-6b5d-474d-ae18-0f203bc5713b', '3c665630-e6ed-4927-933a-394aabdb9790', 'Small'), 
('74b8d833-6b5d-474d-ae18-0f203bc5713b', 'f3575de5-b72f-466d-a2f0-7615dec686d6', 'TRUE'), 
('74b8d833-6b5d-474d-ae18-0f203bc5713b', '76406729-55a7-453b-81d3-c005cb5b0ebe', '200 lbs'), 
('74b8d833-6b5d-474d-ae18-0f203bc5713b', '889f2019-9657-4327-bd81-e21acccdbe9f', '35x35x35 inches'), 
('74b8d833-6b5d-474d-ae18-0f203bc5713b', '0dcf2127-2061-4298-8a28-ddf42630cb87', 'Wool'), 
('74b8d833-6b5d-474d-ae18-0f203bc5713b', 'f6d99980-6890-4c68-a6b3-cb36afa914ee', '2'), 
('f8ad640f-133d-4e4c-8e76-803bb7c13450', 'f6d99980-6890-4c68-a6b3-cb36afa914ee', '24'), 
('0cb9e7fc-f9e8-45ec-8dac-5d7c1b21bb54', '68ab9649-6f7a-4512-8feb-fd7f3fce28ec', 'Gray'), 
('0cb9e7fc-f9e8-45ec-8dac-5d7c1b21bb54', 'f6d99980-6890-4c68-a6b3-cb36afa914ee', '2'), 
('0cb9e7fc-f9e8-45ec-8dac-5d7c1b21bb54', 'f3575de5-b72f-466d-a2f0-7615dec686d6', 'FALSE'), 
('0cb9e7fc-f9e8-45ec-8dac-5d7c1b21bb54', '0dcf2127-2061-4298-8a28-ddf42630cb87', 'Wool'), 
('0cb9e7fc-f9e8-45ec-8dac-5d7c1b21bb54', '3c665630-e6ed-4927-933a-394aabdb9790', 'Extra Large'), 
('344c2bcb-4599-4ca6-bc77-58b455cbd243', 'f6d99980-6890-4c68-a6b3-cb36afa914ee', '2'), 
('344c2bcb-4599-4ca6-bc77-58b455cbd243', 'f3575de5-b72f-466d-a2f0-7615dec686d6', 'FALSE'), 
('344c2bcb-4599-4ca6-bc77-58b455cbd243', '68ab9649-6f7a-4512-8feb-fd7f3fce28ec', 'Turquoise'), 
('344c2bcb-4599-4ca6-bc77-58b455cbd243', '889f2019-9657-4327-bd81-e21acccdbe9f', '80x80x80 inches'), 
('344c2bcb-4599-4ca6-bc77-58b455cbd243', '3c665630-e6ed-4927-933a-394aabdb9790', 'XXL'), 
('344c2bcb-4599-4ca6-bc77-58b455cbd243', '76406729-55a7-453b-81d3-c005cb5b0ebe', '20 lbs'), 
('4925caf7-39ea-4440-8416-be4767fbe31d', 'f3575de5-b72f-466d-a2f0-7615dec686d6', 'TRUE'), 
('e20ba0e3-a341-49e5-8934-db12bf50812b', '889f2019-9657-4327-bd81-e21acccdbe9f', '50x50x50 inches'), 
('e20ba0e3-a341-49e5-8934-db12bf50812b', '0dcf2127-2061-4298-8a28-ddf42630cb87', 'Rubber'), 
('e20ba0e3-a341-49e5-8934-db12bf50812b', '68ab9649-6f7a-4512-8feb-fd7f3fce28ec', 'Cyan'), 
('26d21cbd-b1ac-435f-97e1-510633e3c5ea', '76406729-55a7-453b-81d3-c005cb5b0ebe', '1000 lbs'), 
('26d21cbd-b1ac-435f-97e1-510633e3c5ea', '889f2019-9657-4327-bd81-e21acccdbe9f', '110x110x110 inches'), 
('26d21cbd-b1ac-435f-97e1-510633e3c5ea', 'f3575de5-b72f-466d-a2f0-7615dec686d6', 'TRUE'), 
('26d21cbd-b1ac-435f-97e1-510633e3c5ea', '68ab9649-6f7a-4512-8feb-fd7f3fce28ec', 'Magenta'), 
('bdf29ca7-7290-4a27-a54d-6a6e15a670a0', '68ab9649-6f7a-4512-8feb-fd7f3fce28ec', 'Purple'), 
('bdf29ca7-7290-4a27-a54d-6a6e15a670a0', 'f6d99980-6890-4c68-a6b3-cb36afa914ee', '1'), 
('bdf29ca7-7290-4a27-a54d-6a6e15a670a0', '0dcf2127-2061-4298-8a28-ddf42630cb87', 'Paper'), 
('95b057a3-6e7e-408b-83f9-f40af2799267', '3c665630-e6ed-4927-933a-394aabdb9790', 'Small'), 
('23c0378e-1f24-4673-b5cb-aef99dbe6137', '68ab9649-6f7a-4512-8feb-fd7f3fce28ec', 'Red'), 
('23c0378e-1f24-4673-b5cb-aef99dbe6137', '76406729-55a7-453b-81d3-c005cb5b0ebe', '50 lbs'), 
('23c0378e-1f24-4673-b5cb-aef99dbe6137', 'f3575de5-b72f-466d-a2f0-7615dec686d6', 'FALSE'), 
('b2f75705-34b4-4239-a888-55aaa3ed387d', '68ab9649-6f7a-4512-8feb-fd7f3fce28ec', 'Blue'), 
('6f2440ae-cf84-4703-9714-4fbb33cc32c5', 'f3575de5-b72f-466d-a2f0-7615dec686d6', 'FALSE'), 
('6f2440ae-cf84-4703-9714-4fbb33cc32c5', '68ab9649-6f7a-4512-8feb-fd7f3fce28ec', 'Red'), 
('6f2440ae-cf84-4703-9714-4fbb33cc32c5', '76406729-55a7-453b-81d3-c005cb5b0ebe', '250 lbs'), 
('6f2440ae-cf84-4703-9714-4fbb33cc32c5', 'f6d99980-6890-4c68-a6b3-cb36afa914ee', '3'), 
('6f2440ae-cf84-4703-9714-4fbb33cc32c5', '0dcf2127-2061-4298-8a28-ddf42630cb87', 'Bamboo'), 
('6f2440ae-cf84-4703-9714-4fbb33cc32c5', '889f2019-9657-4327-bd81-e21acccdbe9f', '75x75x75 inches'), 
('6f2440ae-cf84-4703-9714-4fbb33cc32c5', '3c665630-e6ed-4927-933a-394aabdb9790', 'Extra Large'), 
('b04bee4d-033b-49dc-ad6b-44c4d08c2355', '76406729-55a7-453b-81d3-c005cb5b0ebe', '1000 lbs'), 
('b04bee4d-033b-49dc-ad6b-44c4d08c2355', 'f6d99980-6890-4c68-a6b3-cb36afa914ee', '24'), 
('b04bee4d-033b-49dc-ad6b-44c4d08c2355', '68ab9649-6f7a-4512-8feb-fd7f3fce28ec', 'Beige'), 
('b04bee4d-033b-49dc-ad6b-44c4d08c2355', 'f3575de5-b72f-466d-a2f0-7615dec686d6', 'TRUE'), 
('b04bee4d-033b-49dc-ad6b-44c4d08c2355', '0dcf2127-2061-4298-8a28-ddf42630cb87', 'Canvas'), 
('b04bee4d-033b-49dc-ad6b-44c4d08c2355', '3c665630-e6ed-4927-933a-394aabdb9790', 'Small'), 
('4ee7c927-da26-4e4a-a727-9655a4518bf0', '68ab9649-6f7a-4512-8feb-fd7f3fce28ec', 'White'), 
('4ee7c927-da26-4e4a-a727-9655a4518bf0', '0dcf2127-2061-4298-8a28-ddf42630cb87', 'Wool'), 
('4ee7c927-da26-4e4a-a727-9655a4518bf0', '3c665630-e6ed-4927-933a-394aabdb9790', 'Small'), 
('4ee7c927-da26-4e4a-a727-9655a4518bf0', 'f6d99980-6890-4c68-a6b3-cb36afa914ee', '2'), 
('4ee7c927-da26-4e4a-a727-9655a4518bf0', '76406729-55a7-453b-81d3-c005cb5b0ebe', '450 lbs'), 
('4ee7c927-da26-4e4a-a727-9655a4518bf0', '889f2019-9657-4327-bd81-e21acccdbe9f', '105x105x105 inches'), 
('ad6d35f2-eeb1-4393-a5b9-9d17f611c887', '889f2019-9657-4327-bd81-e21acccdbe9f', '65x65x65 inches'), 
('ad6d35f2-eeb1-4393-a5b9-9d17f611c887', '76406729-55a7-453b-81d3-c005cb5b0ebe', '10 lbs'), 
('ad6d35f2-eeb1-4393-a5b9-9d17f611c887', 'f3575de5-b72f-466d-a2f0-7615dec686d6', 'TRUE'), 
('2896e0f6-4d4c-48f4-835b-90a881fd4ec6', '68ab9649-6f7a-4512-8feb-fd7f3fce28ec', 'White'), 
('2896e0f6-4d4c-48f4-835b-90a881fd4ec6', '76406729-55a7-453b-81d3-c005cb5b0ebe', '10 lbs'), 
('2896e0f6-4d4c-48f4-835b-90a881fd4ec6', '3c665630-e6ed-4927-933a-394aabdb9790', 'XXL'), 
('2896e0f6-4d4c-48f4-835b-90a881fd4ec6', '889f2019-9657-4327-bd81-e21acccdbe9f', '125x125x125 inches'), 
('2896e0f6-4d4c-48f4-835b-90a881fd4ec6', '0dcf2127-2061-4298-8a28-ddf42630cb87', 'Leather'), 
('2896e0f6-4d4c-48f4-835b-90a881fd4ec6', 'f6d99980-6890-4c68-a6b3-cb36afa914ee', '3'), 
('2896e0f6-4d4c-48f4-835b-90a881fd4ec6', 'f3575de5-b72f-466d-a2f0-7615dec686d6', 'FALSE'), 
('074479ce-c10e-4a7a-b1a4-8d732a14772c', 'f6d99980-6890-4c68-a6b3-cb36afa914ee', '24'), 
('074479ce-c10e-4a7a-b1a4-8d732a14772c', 'f3575de5-b72f-466d-a2f0-7615dec686d6', 'TRUE'), 
('311aa79b-0851-4e51-bb6b-54cc635a1744', '0dcf2127-2061-4298-8a28-ddf42630cb87', 'Acrylic'), 
('311aa79b-0851-4e51-bb6b-54cc635a1744', 'f6d99980-6890-4c68-a6b3-cb36afa914ee', '3'), 
('311aa79b-0851-4e51-bb6b-54cc635a1744', '68ab9649-6f7a-4512-8feb-fd7f3fce28ec', 'Beige'), 
('0d330219-90b8-430e-ab9d-e8d56cffea33', '0dcf2127-2061-4298-8a28-ddf42630cb87', 'Cotton'), 
('0d330219-90b8-430e-ab9d-e8d56cffea33', '3c665630-e6ed-4927-933a-394aabdb9790', 'Small'), 
('0d330219-90b8-430e-ab9d-e8d56cffea33', 'f6d99980-6890-4c68-a6b3-cb36afa914ee', '3'), 
('0d330219-90b8-430e-ab9d-e8d56cffea33', '889f2019-9657-4327-bd81-e21acccdbe9f', '90x90x90 inches'), 
('0d330219-90b8-430e-ab9d-e8d56cffea33', 'f3575de5-b72f-466d-a2f0-7615dec686d6', 'TRUE'), 
('0d330219-90b8-430e-ab9d-e8d56cffea33', '76406729-55a7-453b-81d3-c005cb5b0ebe', '15 lbs'), 
('0d330219-90b8-430e-ab9d-e8d56cffea33', '68ab9649-6f7a-4512-8feb-fd7f3fce28ec', 'Orange'), 
('87c2d504-d121-4ead-97a8-eed41077b607', '889f2019-9657-4327-bd81-e21acccdbe9f', '150x150x150 inches'), 
('87c2d504-d121-4ead-97a8-eed41077b607', 'f3575de5-b72f-466d-a2f0-7615dec686d6', 'TRUE'), 
('87c2d504-d121-4ead-97a8-eed41077b607', '76406729-55a7-453b-81d3-c005cb5b0ebe', '750 lbs'), 
('87c2d504-d121-4ead-97a8-eed41077b607', 'f6d99980-6890-4c68-a6b3-cb36afa914ee', '24'), 
('e3fc3e54-3737-40b8-beec-238f315a4182', 'f6d99980-6890-4c68-a6b3-cb36afa914ee', '2'), 
('e3fc3e54-3737-40b8-beec-238f315a4182', '0dcf2127-2061-4298-8a28-ddf42630cb87', 'Silk'), 
('e3fc3e54-3737-40b8-beec-238f315a4182', '3c665630-e6ed-4927-933a-394aabdb9790', 'Small'), 
('240e0ba4-5432-4b99-858c-bcd4808e28d7', 'f3575de5-b72f-466d-a2f0-7615dec686d6', 'FALSE'), 
('240e0ba4-5432-4b99-858c-bcd4808e28d7', '76406729-55a7-453b-81d3-c005cb5b0ebe', '25 lbs'), 
('240e0ba4-5432-4b99-858c-bcd4808e28d7', '3c665630-e6ed-4927-933a-394aabdb9790', 'Small'), 
('240e0ba4-5432-4b99-858c-bcd4808e28d7', 'f6d99980-6890-4c68-a6b3-cb36afa914ee', '2'), 
('240e0ba4-5432-4b99-858c-bcd4808e28d7', '889f2019-9657-4327-bd81-e21acccdbe9f', '85x85x85 inches'), 
('240e0ba4-5432-4b99-858c-bcd4808e28d7', '68ab9649-6f7a-4512-8feb-fd7f3fce28ec', 'Brown');
